id,kategori,soru,reference_cevap,base_answer,fine_tuned_answer
0,uroloji,Hocam ilişkiden 5 yıl sonra test yaptım negatif 3 yıldırda bi kız arkadaşım var onunla defalarca korunmasız sürtünmeli ilişki yaşadım bu ilişkilerden sonrada test yaptım son iliskiden 5 6 ay sonrada test yaptım negatif kendisi kızılaya kan verdi 4 gün oldu ama hala kanın ihtiyacı sahibi olanlara iletildiği yazmadı acaba bi problemmi var çok korkuyorum araştırmaktan kafayı yiyecem bisey olsa çıkmazıydi lütfen yardm edin,Kızılay ile görüşün,"İşte cevap:

Bu durumda, sizinle ilişkiye girmekten kaçının ve yeni bir kişiye başlayın. Bu durumda, sizi kötü etme riski olabilir. Eğer biriyle ilişkilendikçe, sadece bir kişinin kanını almak yerine, herkesin kanını almak için çalışmanız gerekebilir. Bu durumda, sizi kötü etme riski olabilir.

Kendi hayatınızı yönetin ve yeni bir kişiye başlayın. İstediğiniz kadar zaman geçin ve yeni bir kişiye başlayın. Bu durumda, sizi kötü etme riski olabilir.

Bilgi olarak, bazı ülkelerde, ilişkilerdeki kan kullanımı genellikle zorunlu değildir. Ancak, herkesin kanını almak",Bir sorun olmaz.
1,uroloji,sayın hocam ben doguştan beri damla damla idrar kaçırıyorum. yapılan narkozlu sistoskopide sag böbregimde çift üreter oldugu ve birinin olması gereken yerinde digerinin ise mesane çıkışına çok yakın bir yerde oldugu büyük olasıkla bu yüzden damla damla kaçırdıgım sonucuna varıldı ameliyatın başarısının ne derecede başarılı olacagı bilinemedigi için oparasyon yapılmamasına karar verildi böyle bir operasyonun başarısı ne derecede başarılı olabilir düşüncelerini alabilirmiyim teşekkürler,"sorununuz sanırım ""ektopik üreter"". Filmlerinizi görmeden birşey söylemek zor. Bu tür cerrahiler oldukça özellikli rekonstrüktif cerrahilerdir. Bununla birlikte iyi ve tecrübeli ellerde başarı oranı yüksektir. İyi bir üniversite hastanesi üroloji kliniğine başvurmanızı öneririm. geçmiş olsun...","Bu soruya yardımcı olmak için, doktor olarak bu durumu anlayarak yardımcı olmaktan memnuniyet duyarım. Bu durumda, damla damla kaçırmış olan kişinin durumunu anlamak önemlidir. Ameliyatın başarısı hakkında daha fazla bilgi almak için, ona özel bir tedavi planı oluşturmak veya daha fazla bilgi edinebilirsiniz. Eğer ameliyatın başarısı hakkında daha fazla bilgi isterseniz, ona yardımcı olmak için size daha fazla bilgi sunabilirim.",Bu soruya cevap vermek için sizi muayene etmem gerekir.
2,uroloji,"Hocam Merhaba, Aşağıdaki Üriner Sistem USG tetkikine göre incelme durumunda çok ciddi durum varmıdır,Ameliyatmı gerklidir,yoksa ilaç tedavisi mi? Aydınlatırsanız çok sevinirim.çok teşekkürler hocam. Sol böbrek boyutu 102x37 mm.,parankim kalınlığı 8 mm.'dir. Sağ böbrek boyutu 110x36 mm.,parankim kalınlığı 8 mm.'dir.Her iki böbrek normal boyut ve konfigürasyondadır.Bilateral böbrek parankim kalınlıklarında incelme olup ekojeniteleri tabii olarak izlenmiştir.Pelvikalikseal dilatasyon saptanmadı. Mesane şekli,boyutları ve duvar kalınlığı normaldir.Lümen içi patolojik oluşum saptanmamıştır Batın içi serbest sıvı saptanmadı. Sonuç :Bilateral böbrek parankim kalınlığında incelme",Bence ultrasonu tekrar yaptırmanızda ya da bilgisayarlı tomografi gibi ileri bir tetkikle tekrar değerlendirilmenizde fayda var. Böbrekte genişleme olmadan parankim kalınlığında incelme genellikle beklenmez.,"Üzgünüm, ancak bu bilgiye göre belirsizlik var. Bilgilerinizi tam olarak anlayabilmek için daha fazla detay verilmesi gerekecek. Ancak, incelere göre her iki böbrek parankim kalınlığı 8 mm'dir ve bu bilgiyle incelenebilir bir durumun olduğunu söyleyebilirim. Ancak, incelere göre incelenebilen bir durum yoktur. Bu durumu incelenmek için daha fazla bilgi veya doktorunuz tarafından onaylanmış bir inceleneceğiniz gerekmektedir. Eğer incelenebilecek bir durum varsa, bu durumda ameliyat veya ilaç tedavisini tercih edeceklerdir. Ancak,","Merhaba, Öncelikle geçmiş olsun. Bu raporda öncelikle klinik bulgular ile uyumlu görülmüş. Ameliyattan başka bir tedavi yöntemi yoktur. İlac tedavisinde de fayda göremeyen hastalar için ameliyat önerilir. Geçmiş olsun."
3,fiziksel-tip-ve-rehabilitasyon,"Değerli Uzman, Yukarda belirtilen ilaç diz eklemlerinde sıvı kaybı olan, kıkırdakları aşınmış (Çeşitli defalar fizik tedavi gördü) ve bunun için ağrı kesici ilaçlar kullanan validemiz için bir fayda sağlar mı?Yaşı 72 kalp, tansiyon ve böbrek taşı rahatsızlıkları var.Vereceğiniz yanıt için şimdiden teşekkürler!!","Bu konu ihtilaflı. Her iki yönde de araştırmalar var. Ameliyat boyutuna gelmiş ise pek fayda sağlamaz. Daha erken dönemde, fayda göstermesi umulur.","Üzgünüm, ancak bu konuda bilgi vermek için daha fazla detay ve ayrıntı gerektiriyor. Ancak, genel olarak, ilaç diz eklemleriyle sıvı kaybı olan hastaların fizik tedavilerini kullanarak painkillerleri kullanabilirler. Bu ilaçlar, ağrı kesme ve uyku sağlamak için kullanılır. Ancak, her hastanın özel ihtiyaçlarına göre ve hastanın sağlık hizmetleri tarafından önerilen ilaçlara bağlı olarak, bu ilaçların kullanılması ve etkililiği farklılık gösterebilir.

Bu durumda, sağlık hizmetlerinizle görüşmelisiniz. Eğer hastanızın sağlık hizmetleriyle iletişime geçip, ilaçların kullanılması ve etkililiği hakkında daha fazla bilgi almak",Bence mutlaka kullanmamalıdır.
4,uroloji,Ileride prostat ile ilgili sorun yasamamak icin ne yapmali ne yapmamaliyiz. Protat buyumem var diye tahmin ediyorum artmamasi icin tavsiyeleriniz nelerdir?,Prostat büyümesi 40 yaşından sonra başlar. Önlemek için hiçbir şey yapamazsınız,"İşte prostat problemleri için önerilen bazı önlemler:

1. Sağlıklı yaşam: Enerji kaybı, su içme, sağlıklı bir et alışı, enjekte gibi aktiviteleri düzenleyin.

2. Güvenlik: Prostat problemleri genellikle aşırı erkektir. Bu durumda, erkeklerin erken yaşta erkektiriz olmasının önemini unutmayın.

3. Erkeneğin kontrolü: Erkeneğin normal olması önemlidir. Erkeneğin yüksek olması, prostat problemleri neden olabilir.

4. Üzgünüz, bu konuda bilgi vermek zor. Ancak, genel olarak, prostat problemleri genellikle erken yaşta ort","Prostat büyümesi normal yaşta görülür. Ancak 60 yaşından sonra artış daha hızlanır. Bu duruma ""prostatit"" denir. Prostat büyümesindeki etkileri tedavi edilmezse, hastalığa yol açabilir."
5,uroloji,makattan buyuk abdes sonrası hafif yanma sonucunda kan geliyor az miktarda,"Bekir Bey Merhaba. Öncelikle geçmiş olsun. Makattan kan gelmesi idrar yollarından ziyade bağırsak sistemini ilgilendiren bir sorun. Basur, makatta çatlak gibi iyi huylu hastalıklardan kaynaklananileceği gibi kalın bağırsak kanseri gibi kötü huylu hastalıklar nedeniyle de ortaya çıkabilir. Benim tavsiyem vakit kaybetmeden bir Genel Cerrahi Uzmanı'na muayene olmanız. İyi çalışmalar.","Bu durum, genellikle hastalığın kan sistemini etkileyerek yaşanan bir birliktelik nedenidir. Bu durumda, kan sisteminin normal işlevine bürünüldüğü için, kanın daha az üretildiği veya üretimi hızlandırıldığı anlamına gelir. Bu durum, genellikle hastalıkların kan sistemini etkileyerek yaşanan bir birliktelik nedenidir. Bu durumda, kan sisteminin normal işlevine bürünüldüğü için, kanın daha az üretildiği veya üretimi hızlandırıldığı anlamına gelir.",Bu şikayetlerin çok çeşitli nedenleri olabilir. Bir muayene için randevu alınız.
6,genel-cerrahi,Hocam sağ kasığımda neden açılmalar oluyor ameliyat olmuştum sağ kasıktan fıtık ameliyAtı bir turlu bi anlam veremiyorum surekli soru işareti içersindeyim ??????,Sağ kasık fıtığın en sık görüldüğü yerdir. Karın içi basıncını artıran hareketler henüz iyileşmemiş fıtığın tekrarlamasına sebep olabilir. İyileşme süresi sonunda artık bir problem kalmaması gerek.,"İşte cevap:

Hocam, sağ kasınıza açılmaların sebepleri şunlardır:

1. Sağ kasının sıkışması veya dengesizliği
2. Sağ kasının zayıf olduğu durumlarda
3. Sağ kasının normal olarak değil olan bir durumda

Bu durumlar için sağ kasıktan fıtık ameliyatı veya başka bir ameliyat önerilir. Ancak bu ameliyat, doktor tarafından kontrol edilmesi gereklidir.

Daha fazla bilgi almak için:
- Sağ kasınızdaki açılmaların sebeplerini öğrenmek istiyorsanız, doktora başvurmanızı öneririm.
- Ameliyat yapmaya karar vermeden önce, sağ kasınızın ne olduğunu ve ne",Bir kuru iğne ile tedavi edilmesi gerekir.
7,beyin-ve-sinir-cerrahisi,Annemin 4 yıl önce belinde 3 fıtık vardı alındı ve bel kayması vardı düzeltildi ve altı vidalı platin takıldı. Ama son 15 gündür sağ ayağında ağrı ve his kaybı başladı tekrar eski doktorumuza gittik çekilen emar sonucu platinin en üst bölümünde yeni bir fıtık oluştuğnu ve patladığnı ameliyat olmanın çok riskli olacağını ayağındaki his kaybının düzelmeyeceğini söyledi bu konuda bize yardımcı olursanınz çok sevinirim. annem şu an 49 yaşında.,"Tedavisine karar vermek için annenizi görmemde yarar var. Hafta içi 10-18 saatleri arasında Beşiktaş Fulya’daki muayenehanemde (Hakkı Yeten cad 13 Fulya Terrace Kat 3/M4 Fulya - Şişli) hasta bakıyorum. Eğer gelemiyorsanız MR’ınızı bana kargoyla yollayın ya da biriyle gönderin, sonra ayrıntıları görüşelim. Dr Aybars AKKOR *** *** **/ *** *** ** / *** *** ** www.aybarsakkor.com","Annenizin durumunu anlamak için birkaç önemli noktayı dikkate alabiliriz:

1. Belindeki fıtıkların sayısı değişti (uzun zamandır 3 fıtık vardı ama şimdi 6 var).
2. Patlamaya başlandığı zaman (son 15 gün içinde).
3. Patlamaya neden olan şey (yeni bir fıtık oluştuğu ve platinin en üst bölümünde).
4. Ameliyatın riskini düşünenler (patlamaya neden olduğu için riskli olduğunu).

Bu bilgileri göz önünde bulundurarak, anne annenin sağ ayağına daha fazla fıtık eklemesine veya platinin en üst bölümüne daha fazla platin eklemesine karar vermek isteyebilir. Ancak,","Merhaba, öncelikle geçmiş olsun. Bu durumda ameliyata karar vermek için muayene edilmesi gerekmektedir. Saygılarımla"
8,uroloji,"İyi günler hocam; henüz 18 yaşındayım penisimin üst kısmında kırışmalar mevcut, ekstradan sertleşme sorunum var bunu kendi çabalarımla nasıl düzeltebilirim ? Birde ilişkilerimde ve mastürbasyonlarımda sperm çıkışını sert bir şekilde kapatıyorum, bunun zararı nedir ?",Mastürbasyonu azaltın ve meni çıkışını engellemeyin,"İyi günler, çocuğumuz! Sizin durumunuza yönelik bazı öneriler yapmak için size yardımcı olabilirim.

1. Penis kırışmalarının nedenleri hakkında bilgi edinebilir miyim? Bu bilgiler genellikle tedaviye yardımcı olabilir.

2. Masturbasyon veya ilişkilerdeki sperm çıkışını kontrol etmek istiyorsanız, bu konuda profesyonel bir doktor'a başvurmanızı tavsiye ederim. 

3. Kötü bir durumda, hastalığınızın belirlenmesi ve tedavisi için bir doktor'a başvurmanız gerekebilir. 

4. Masturbasyon veya ilişkilerdeki sperm çıkışını kontrol etmek, genellikle normal bir süreçt",Bir üroloji uzmanına muayene olmanızı öneririm.
9,beyin-ve-sinir-cerrahisi,hocam yeni boyun mr ım çekildi sonucu söylermisiniz. servikal vertebralarda belirgin dejeneratif değişiklikler mevcuttur. servikal aks ters dönmüştür. C2-3 annulus bulging+spinal kanalda anteriordan daralmatekal saka minimal bası C4-5 sağ paramedianda ekstrüde olmuş geniş tabanlı posterior HNPspinal kanalda anteriordan ve sağ paramediandan daralma+spinal korda bası+sağda nöral foramende daralma C5-6 geniş tabanlı posterior hnp+spinal kanalda anteriordan daralma+spinal korda belirgin bası tş,"Neşe hanım raporlarda C4-5 ve C5-6 seviyelerinde büyükçe bir fıtıktan bahsediliyor, MR larınızı görmek gerek, herhangi bir şikayetiniz varmı?? Filmlerinizlen birlikte bu taraflara yolunuz düşerse gelin ekibimizlen sizi değerlendirelim. saygılar...","İşte verilen durum hakkında kısa ve doğru bir cevap:

Servikal vertebraların belirgin degerilere sahip olanmr, özellikle C2-3, C4-5 ve C5-6 vertebrae'lerindeki bulgulayıcı (annulus) tabanlar üzerindeki tabandıraklık ve spinal kanallarında belirgin daralmalar bulunmaktadır.

Bu durum, spinal kanallarının normal bir şekilde çalışan şekilde olmamasına neden olabilir. Bu durum, spinal kanallarındaki daralmaların ve tabandıraklıkların spinal kordonunun normal bir şekilde çalışmasını engelleyebilir.

Bu durum, uzmanlık açısından bir sağlık sorumluluğu olarak değerlendirilebilir. Ancak, bu durumu kontrol etmek için uz","Merhaba, MR raporunda önemli olan şey; ""Spinal kanal daralması"" ve ""Nöral foramenler daralmıştır."" Bu durumda ameliyat olmanız gerekiyor. Ameliyat sonrası ağrılar geçer, daha iyi bir yaşamınız için de gerekir."
10,uroloji,Hocam cevaplar nerden bkcaźzzzzźzzzzxxxxmmdmdmdmmdmmdmdmdkdkdkkdkdkdkdkdkkssmdmmdmdmdmdmdmdmdkkdkdkdkddskwooqorjfjs,???,"Üzgünüm, bu sadece bir karışık cümle. Size yardımcı olabilmem için daha iyi bir soruya ihtiyacım var.","Merhaba, 1-2 hafta sonra tekrar randevu alabilirsiniz."
11,kulak-burun-bogaz-hastaliklari,kronik mastoid enfeksiyon sersemlik hali ve kulak cinlamasi yapar mi? ameliyat gerektirir mi? noroloji uzmani damar basisi var dedi beyin cerrahiye yonlendirdi beyin cerrahiye gittim ve hekim bey damar basisi olmadigini enfeksiyon olabilecegini soyleyip kbb ye yonlendirdi.,kbb muayenesi olmalısınız.,"Kronik mastoid enfeksiyonunun sersemlik hali ve kulak cinlaması, genellikle mastoiden gelen suyun (mastoidot) tarafından kaynaklanır. Bu durum, mastoid otomasyonu sırasında veya mastoidot akışında belirli bir sebeple neden olabilir.

Ameliyat gerektirebilir ya da gerekli olabilir, ancak bu durumda, mastoidot akışı veya mastoidot akışındaki bir sebepleri kontrol edilmesi gerekmektedir. Norozi uzmanlığı, mastoidot akışının etkilerini değerlendirmeye yardımcı olur.

Beyin cerrahisi, mastoidot akışını ve mastoidot akışındaki tüm sebepleri incelem",Kronik mastoid enfeksiyonunuz için muayene edilmeniz gerekiyor. Muayeneniz sonrasında tedavi planlanır.
12,uroloji,Merhaba Hocam. 39 yaşında bir bayanım. Sol tarafımda 3 haftadır zaman zaman ve farklı alanlarda devam eden olan ağrı nedeni ile doktora gittim. Ultrason sonucu Sağ böbrek uzunluğu 113 mm. sol böbrek uzunluğu 140 mm. Her ikki böbrek normal parankimal kalınlıktadır. Parankim ekojenitesi homojen olarak izlenmektedir. Sağ pelvikalisiyel dilatasyon izlenmedi. Sol böbrek pelvikalisiyel yapıları grade 1 dilatedir. Börek fonksiyonlarına ilişkin Kan tahlillerim normal. İdrarda yanma vb sıkıntım yok. 2 ay önce idrar tahlili yapılmıştı bir sorun o zaman için yoktu. Böbrek taşı ile ilgili midir? Doktorum ürolojiye gidebilirsin dedi. Ama ben hemen gidemeeeceğim. Sıkıntı olur mu?,Muhtemelen küçük bir taş düşürüyorsunuz. Bol su için. Geçmezse bir üroloji uzmanına muayene olmanız gerekir.,"Merhaba, bu konuda çok fazla bilgi vermedik. Ancak, sağ böbrek uzunluğunu 113 mm ve sol böbrek uzunluğunu 140 mm olarak belirttiğiniz ve bunların normal değerlerine göre oldukça büyük olduğunu düşündüğünüz durumda, bu tür bir farkla birlikte çalışmak zorunda kalmışsınız. Bu durum, bazı tıbbi problemlerle ilgilenmesini gerektirebilir.

İşte birkaç önerme:

1. Doktorumuzla daha detaylı bir görüşmeyi tercih etmenizi öneririm. Bu durumda, doktorunuzun onunla daha iyi bir işbirliği yapması gerekecek.

2. Eğer doktorum",Böbrek taşı ile ilgili değil. Bir üroloji uzmanına başvurmanızda fayda var.
13,beyin-ve-sinir-cerrahisi,HOCAM MERHABALAR 26 YAŞINDAYIM YAKLAŞIK 2 HAFTA ÖNCE BELİMDE VE BACAĞIMDAKİ AĞRIYLA BEYİN CERRAHİSİ UZMANINA BAŞVURDUM.DAHA ÖNCE AĞIR BİR BEL AĞRISI PROBLEMİM OLMADIĞI HALDE BANA BEL FITIĞIM OLDUĞUNU VE KESİN AMELİYAT OLMAM GEREKTİĞİNİ BAŞKA BİR TEDAVİYLE İYİLEŞMİYCEĞİNİ SÖYLEDİ.YAŞIM GENÇ OLDUĞU İÇİN ACELE BİR KARAR VERİP AMELİYAT OLMAK İSTEMİYORUM.BU KONU HAKKINDA FİKRİNİZİ MERAK EDİYORUM.TEŞEKKÜRLER...,"Karar vermek için sizi ve MR&#39;ınızı görmemde yarar var. Salı ve Perşembe 10-18 arası Nişantaşı&#8217;nda muayenehanemde (Teşvikiye cad.17/Kat1 İkbal İş Merkezi-Teşvikiye Camii karşısı - Nişantaşı) hasta bakıyorum. Eğer gelemiyorsanız ilk fırsatta yeni bir bel MR&#39;ı çektirin, sonuçları bana yollayın veya bizzat getirin, sonra ayrıntıları görüşelim. Dr Aybars AKKOR *** *** ** / *** *** ** Faks:*** *** **","Bu sorunun doğru ve güvenli bir cevabı şu şekildedir:

""Merhaba, belki de bu durumda en iyi çözümüm, belimin agrisini iyileştirmek için daha fazla tedavi almanızı öneririm. Ancak, belimin agrısı daha önce de ortadan kalktıysa, şimdiye kadar ameliyat edilmişse, daha hızlı bir karar vermek istiyorum. Bu durumda, belimin agrısını iyileştirmek için daha hızlı bir tedavide bulunmak daha iyi olabilir.""

Bu cevaba göre, belimin agrısı daha önce de ortadan kalmamışsa, daha hızlı bir tedavi alması daha iyi olacaktır. Ancak, belimin agrısı daha önce de ortadan kalmışsa,","Merhaba, size ameliyat olmanız gerekiyor. Ameliyattan sonra da şikayetleriniz geçmezse tekrar muayene olunuz."
14,dahiliye-ve-ic-hastaliklari,"Merhaba doktor bey ben midemde yanma,ekşime ve gaz sorunu vardı bunun için doktora gittim bana en doğru tedaviyi uygulamak için endoskopi yaptırmamı söyledi bende bir hafta önce endoskopi yaptırdım ve bende endoskopi sonucunda reflü,gastrit ve mide fıtıği çıktı doktor bana Helipak ve Antepsin adlı ilaçları yazdı. Ben de bunları kallanıyorum. Size sorum bu ilaçlarla tedavi kesin olumlu sonuç verırmi ilaç dışında bana yapmam gerektiğine dair önerileriniz nelerdir Kilom 90 yaşım 42 selamlar teşekkr",zayıflamayı öneririm tedavi güzel ilaç dışında stress ve üzüntüden uzak durmaya çalışır.,"Merhaba! İyiyim, kilometre 90 yaşındayım ve sizinle konuşmak istiyorum.

Endoskopi işleminiz tamamlandığında, reflü, gastrit ve mide fıtik gibi hastalıklarla karşılaşırsınız. Bu durumda, ilaçlarla tedaviye devam etmekten haberdar olabilirsiniz. Ancak, ilaçların etkisiyle her zaman tamamen iyileştirilmesi değildir. Bazı durumlarda, daha fazla tedavi veya alternatif yöntemler kullanılabilir.

Helipak ve Antepsin ilaçlarının kullanımı hakkında bazı öneriler:

1. Helipak: Bu ilaç, mide fıtik ve reflü tedavisi için kullanılır. Daha fazla bilgi için doktordan talep",Endoskopik tetkiklerle birlikte ilaç tedavisi ile tedavi edilebilir. Endoskopik tetkiki yapan hekimle görüşmeniz uygun olacaktır.
15,beyin-ve-sinir-cerrahisi,iyi akşamlar hocam benim annem bundan iki aksam önce kaza geçirdiler başını bir yere vurmuş acilde filimi tomografi si cekildi doktor bişey yok dedi ama basının üstünde alında şişlik var birde baş agrısı arttı ne yapmalıyız ilaç olarak parol verdi şişlik kendisi geçecek miş,"Annenize bir kranial MR çektirtin, eğer bir şey çıkmazsa rahatlarsınız.","İyiyim, teşekkür ederim. Bu durumda, doktor tarafından önerilen ilaçlarla baş ağrısını kontrol etmek için uygun olabilir. Parol veya diğer ilaçlarla baş ağrınızın daha hızlı çözüleceğini düşünmüştür. Ancak, bu ilaçların kullanılması konusunda herhangi bir sorunuz varsa, doktora tekrar görüşmenizi öneririm. Başarılar dilerim!",Bir kardiyologa başvurun.
16,fiziksel-tip-ve-rehabilitasyon,Hocam Merhabalar 2 tane MR sonucum var ve sonuclari sunlar; Siz degerli hocamdan tavsiyelerinizi rica edecegim ne yapmam gerektigi konusunda DIZ MR SONUCU -Sol Diz ekleminde minimal artikuler koleksiyon -ACL parsiyel Yirtik -Medial Meniskus posteriou hornunda grade II dejenerasyon. BEL MR SONUCU Lomber lordoz konfogirasyonu hafif artmi izlenmektedir.Lomber vertebra korpus yukseklikleri korunmus olmakla beraber end plate&#39;lerde kucuk schmorl nodulleri mevcuttur. L5 vertebrasi sakralizerdir ve L5-S inververbal eklem mesafesi daralmistir Ayrica T12-L1 intervertebra eklem mesafeside daralmis izlenmektedir. Diger lomber intervertebra eklem mesafeleri korunmustur. T12-L1 intervertebral diski dural keseye basi yapan bulging gostermektedir. Diger lomber intervertebral disklerin arka konturlarinda spinal kanal yonunde anlamli bir tasma saptanmamistir.Spinal kord T12-L1 seviyesinde konus medullaris olarak devam etmekted olup morfoloji ve sinyal intensite dagilimi tabi izlenmistir. Kauda equir kok,"Sol dizde bir darbe veya incinme, buna bağlı iltihabi bir durum var gibi. Ön çapraz bağda da zedelenme var. Belinizde doğumsal bir yapı anomalisi mevcut ve biraz duruş bozukluğundan sözedilebilir. MR bir tanı konmasında %15 kadar pay sahibidir. Ancak tam bir tanı için ayrıntılı ve kapsamlı bir muayene gerekli. Tedavi gerektirip gerektirmediğini bu muayene ve konacak klinik tanılar belirleyecektir. Bu açıdan bir fizik tedavi uzmanına başvurun lütfen.","Merhaba! Bu durumu anlayışlı bir şekilde değerlendirebiliriz. Ancak, bu bilgiyi tam olarak değerlendirip, hangi tedaviler veya önlemler gerektiğini belirlemek için daha fazla bilgi gerekecek. 

Ancak, genellikle bu durumda, aşağıdaki önerileri göz önünde bulundurabilirsiniz:

1. **Koordinasyon ve kontrol**: Daha fazla kontrol ve koordinasyon sağlama konusunda yardımcı olabilir.

2. **Yeniden eğitim**: Bazı durumlarda yeniden eğitim veya öğretme programları kullanılabilir.

3. **Eğitim ve deneyim**: Bazı durumlarda eğitimin ve deneyimlerin artırılması önemlidir.

4. **Fiziksel aktivites**: Bazı dur","Merhaba, Öncelikle geçmiş olsun. MR raporlarında önemli olan şey, muayene bulgularınız ile uyumlu olmayan bulgular. Bu durumda, muayenenizden sonra tekrar MR çektirmeniz gerekebilir. Eğer muayene bulgularınız da normal ise, şikayetleriniz için başka bir tetkik yapılabilir. Sağlıklı günler dileklerimle..."
17,uroloji,"Hocam mrb. Eşimle birlikte 2 aydır çocuk düşünüyoruz bu bağlam da eşim hormon testi yaptırdı bir sorun çıkmadı bende spermiogram testi yaptırdım, doktorumuza gösterdim herhangi bir sorun yok, tedaviye gerek yok normal yolla çocuğunuz olur dedi ama sonuç sınırda gibi sizde değerlendirebilir misiniz 3 gün, Az yapışkan, volüm:2,8 cc, gri opalasan Motilite: Hızlı ileri:%12 ileri yavaş:%21 yerinde hareketli:%17 Hareketsiz:%50 1 cc: *** *** ** total sperma: *** *** ** Vitalite:%50 H.O.S.:%59 Morfoloji: WHO: normal: %48 anormal:%52 Kruger Strict: normal:%12 anormal:%88",hızlı ileri nin %32 ve üstünde olması beklenir. Uygun perhizle 2. spermiogram yaptırmanızı öneririm. Ancak infertilite (kısırlık) taraması için 2 ay az bir süre. 1 yıl bekleyip normal gebelik görülmez ise o zaman da araştırılabilir. Geçmiş olsun,"İşte cevabınız:

Spermiogramınızı değerlendirirken, bazı önemli noktaları göz önünde bulundurmak önemlidir:

- Sperm motility (hareket): 12% hızlı hareket, 21% yavaş hareket, 17% yerinde hareket eden, 50% hedefe hareket etmeyen.
- Volume (gri opalas): 2,8 cc
- Vitality (sperma vitalite): 50%
- Ovarian Stimulation Index (O.S.I.) : 59%

Bu değerler genel olarak normal bir değerleri temsil ediyor. Ancak, özel durumlar için daha fazla bilgi gerekebilir.

Özellikle, ""Hareketsiz"" sınıfındaki yüksek oranın notlandığı",Bence bir çocuk sahibi olabilirsiniz.
18,ortopedi-ve-travmatoloji,"Merhaba hocam, 1 gün önce demirlerin üzerinden atlayarak ayağım demirlere takıldı , ve yere düştüm. aradan 2 - 3 saat geçtikten sonra diz kapağımn yanına fındık büyüklüğünde bir şişlik oluştu , bacağımı ileri geri teprettiğimde kıkırdak gibi bişey sanki açılıp kapanıyo , bişeye çarpıyor sanki , lütfen bilgi verirseniz sevinirim.. İyi günler...",Muayene olmanız gerekir. Çarpmaya bağlı bir zedelenme veya kıkırdakta bir kopma olabilir.,"Merhaba! Bu durumda, çok üzgünüz. Daha iyi bir şekilde anlatmanızı isterim:

- Demirlerin üzerinden atlayarak ayağa kalkmadığınız için, vücudunuzdan demirlerin etkisiyle biraz zayıflandırılmış olabilir.
- Diz kapağınızı yanına düşmek ve bu durumu fark ettiniz, bu da demirlerin etkisini daha da artırmış olabilir.
- İleri geri tepretme sırasında, vücudunuzdaki demirlerin etkisiyle biraz daha zayıf olabilir.

Bu durumda, doktoruza gelip onları kontrol edebilirsiniz. Eğer demirlerin etkisiyle biraz zayıf veya ağrılar varsa",Bir doktor tarafından muayene olmanızı öneririm.
19,uroloji,merhaba doktor bey ben 4 yıllık evkıyım benım eşimin sperm kalıtesı dusuk hareketlı spermı yok yavaş-dogrusal hareketlı sperm sayısı var ölü spermıde yok dopler cekıldı varıkosel herhangı bır sorunumuzda yok l-argınıne ve -evon dıye ılac vardı doktor sızce tedavı dogrumusur pisikolojım çok bozuk yardım edın,Bu tür ilaçlar sperm kalitesini arttırmak için üroloji camiasında yaygın olarak kullanılmakta. Herhangi bir ciddi yan etkisi olmadığı için kullanmanız önerilebilir.,"Merhaba! Ben bir tıbbi asistanım, ama bu konuda en iyi bilgi verenlerinize başvurmanızı öneririm. Sizden daha ayrıntılı ve özel bir tavsiye verebilirim, ancak şu anki durumu açıklayarak yardımcı olabilirim:

1. Spermın hafif hareketi (düşük hareket) ile yavaş-dogrusal hareketi (düşük hareket) ile karşılaştığınız için, bu durum genellikle spermın normal bir şekilde çalışması için gereken vitaminlere sahip olması gerektiği düşünülmektedir.

2. L-arginine ve -evon ilaçları, spermın normal hareketi için kullanılır. Bu ilaçlar, spermın enerji sağlama ve hareket hızlandırma amacıyla",Eşinizin sperm değerleri normaldir. Ancak bu değerler için bir sperm analizini yaptırmadan yorum yapmak yanlış olur. Sperm analizi sonucunu bana getirin.
20,fiziksel-tip-ve-rehabilitasyon,Sayın hocam iyi günler saygılar ve sevgiler acaba hocam LOMBER MRG sonucunu yorumlarmısınız LOMBER MRG İNCELEMESİ:lomber lordoz düzleşmiştir.Açıklıgı sola bakan skolyoz izlenmektedir.Lomber aksta minimal saga rotasyon izlenmektedir.(pozisyonel?rotoskolyoz?) L4vertebra korpusunbda 1cm altında hemanjiom ile uyumlu sinyal intensite degişikligi izlenmektedir. T12 vertebra korpusunda yaklaşık 10x12 mm çapında hemanjiom ile uyumlu sinyal intensite degişikligi izlenmektedir.lomber vertebra korpus end platolarında dejeneratif degişiklikler izlenmektedir. L4-L5 disk düzyeinde santral -sağ paratansal geniş tabanlı protrüzyon izlenmektedir.Nöral foramenler açıktır.Ön epidural mesafe daralmıştır.bilateral lateral reses düzeyi 15 siniri etrafı yağlı dokular açık görünümdedir.L5-S1 disk düzeyinde santral-sol paratansal geniş tabanlı protrüzyon izlenmektedir.Nöral foramenler açıktır.Ön epidural mesafe daralmıştır.Lateral reses düzyeleri açıktır. BELİMDE HANGİ HASTALIK VAR ACABA NEDİR?,belinizde 2 seviyede bel fıtığınız mevcut bir tane çok önemi olmayan kan damarı yumağınız ve omurga eğriliğiniz var . geçmiş olsun,"Hem L4-L5 disk düzyede olan santral-sag paratansal geniş tabanlı protrüzyon, hem de L5-S1 disk düzeyinde olan santral-sol paratansal geniş tabanlı protrüzyon, bu iki durum, genellikle spinal stenosis (spinal kıyısı kıyollama) veya spinal canal stenosis (spinal kıyısı kıyollama) olarak tanımlanabilir.

Spinal stenosis, spinal canalın genişliği arttıkça, spinal cordun veya nerve束ların geçmesine zorlanır. Bu durum, nöral aktivitesinin azaldığına, ağrıya neden olabilir. Ayrıca, bu durum, nöral fondumanın açılıp açılmamasına ve nöral",Lomber bölgede fıtık var. Ama şikayetiniz yok mu?
21,beyin-ve-sinir-cerrahisi,"Merhaba Boyun mr sonucunda ; * servikal lordozda duzlesme, *C2-3,C3-4,C4-5 duzeylerinde intervertebral disklerde sinyal intensitelerinde T2 agirlikli incelemelerde dejenerasyon sekonder azalma *C 3-4 duzeyinde intervertebral diskte subaraknoid mesafeyi onden daraltan santral sol paramedian protruzyon. Seklinde cikmistir. Mr sonucunu yorumlarsaniz cok sevinirim",Bir boyun fıtığınız olduğu rapor edilmiş. Görüntüler ile bir beyin cerrahına muayene olmanızda fayda var.,"Merhaba! Size verilen sonuçları anlamak için birkaç önemli noktayı dikkate alalım:

1. Servikal lordozda duzleşmeli:
   Bu durum, genel olarak bir rahatsızlık veya zorluk nedeniyle bir organ veya bölge üzerindeki normal eğilimin kaybolmasıdır.

2. C2-3, C3-4, C4-5 duzeylerinde intervertebral disklerde sinyal intensitelerinde T2 agirlikli incelemelerde dejenerasyon:
   Bu durum, intervertebral disklerdeki normal işlevlerinin kaybına yol açan bir rahatsızlık veya zorluk nedenidir. 

3. Subaraknoid mesafeyi ondan daha küçük olan santral sol paramedian",Merhabalar; MR raporuna göre boyun fıtığınız var. Fıtıkta kireçlenme mevcut. Bu durumda ameliyat olmanız gerekebilir. Ameliyattan sonra da fizik tedaviye başlanabilirsiniz. Geçmiş olsun.
22,genel-cerrahi,Merhaba dr bey benim yiğenim uzun zamandır ara ara tuvalet problemi çekiyor beslenmesine dikkat edildiği halde 5 6 aydır *** *** ** gün-de bir tuvalete çıkıyor aralarda 2 gün-de bir çıktığında oluyor çocuk 12 yaşında piskolojik olabilirmi ne yapmak lazım nasıl davranmak laz bir yol gosterebilirmisiniz,Öncelikle çocuk hastalıkları uzmanı muayenesi gerekir. Muayene sonucuna göre hekiminiz yönlendirme yapacaktır.,"Merhaba! Bu soruya yardımcı olabilmem için bazı bilgiler gerekir:

- Çocuk hangi yerde yaşıyor?
- Hangi yaşta piskolojik olabilir?
- Çocuk hangi durumda yaşıyor?

Bu bilgileri paylaşarak daha iyi yardımcı olabilirim.",Bu durumda tedaviye başlamak gerekir. Bu konuda en iyi bilgi veren doktorunuzdan yardım almanız uygun olacaktır.
23,uroloji,Hocam bir önceki sorumda karakter yetmediği için soramadım peniste oluşan siğillerin cinsell yolla bulaşabileceğini söyledi doktorum benim nişanlımla sürtünme seklinde bir ilişkimizi oluyor onun vajen cevresinde bir et beni vardı bi ilişkiden sonra sürtünmeden dolayı koptu ve kanadı bu şekilde bana bulaşmış olabilirimi hocam?? şimdiden tesekkür ediyorum hocam,bu lezyonlar neredeyse tamamen cinsel ilişki ile geçer. nişanlınızın da tedavi olması gerekir.,"İşte doğru ve güvenli bir cevap:

""Üzgünüm, bu durumu anlamadım. Ancak, bu durum hakkında daha fazla bilgi verirseniz yardımcı olabilirim. Bu durum hakkında daha fazla bilgi almak için doktora veya profesyonel bir tıbbi personeli ile görüşmelisiniz.""",Bulaşma ihtimali yüksek. Doktorunuzun önerilerine uymanızı tavsiye ederim.
24,beyin-ve-sinir-cerrahisi,kardeşim ikı defa hıpofiz ameliyatı geçirdi ikinci amelıyatta beyın suyu boşaldı doktoru müdahale ederek kapatı fakat ameliyatan sonra beyin hava almaya başladı doktoru dinlndikten sonra bunun geçeceğini söylüyor ama kardeşim artık ayağakalkamıyor kalktıği gıbı şidetlı baş ağrısı ve kusması başlıyor bunun için ne yapabılırız,eğer çok fazlaysa ufak bir mudahele ile boşaltılır,"Bu durumda, hastanın sağlığı açısından en iyisi, ona yakınınızdaki profesyonel bir tıbbi yardım almanızdır. Bu durumda, hastanın beyin hava almaya devam etmesi ve ayağıkalmamasının nedenleri hakkında bilgi almak önemlidir. Hastanın doktoruna dikkatle bağlı olmaları ve ona yardımcı olmaları gerekmektedir. Ayrıca, hastanın ailelerine de bu durumu anlatmanız ve onların destek olması beklenmektedir.",Beyindeki sorunun tedavisi için hastayı muayene etmem gerekir.
25,ortopedi-ve-travmatoloji,"bundan bir yıl önce kemik iliği biyopsisi yaptırmıştım,trombositlerimde düşme olduğu için.sonuç iyi .son bir aydır dizlerim ağrıyor.kalça ve belimde de ağrılar var hareket etmek de zorlanıyorum.diz ağrılarım oturup kalkarken oluyor,ayakta rahatım.siyatik olabilirmi? .yaptırdığım biyopsiden dolayı enfeksiyon oluşmuş olabilirmi merak ettim.doktora gideceğim bu hafta .ön bilgi almak istedim teşekkür ederim.",sayın tanrıseven şikayetlerinizin önceki problemlerden kaynaklandığınız zannetmiyorum ama bundan emin olabilmek için muayene olmanız ve gerekirse tetkiklerinizi yaptırmanız gerekmektedir. sonucuna göre hekiminiz size gereken tedavi ve takiplerinizi düzenleyecektir geçmiş olsun dilekjlerimle,"İşte cevap:

1. Dizinize ait ağrıları kontrol etmek için en uygun yöntem, siyahıt veya siyahitlerdir. Bu ilaçlar genellikle fiziksel ağrıları azaltır.

2. Siyahitlerin enfeksiyonun olmasının nedeni yoktur. Ancak, doktorlara bu durumu açıklayın ve onların önerilerini dinleyin.

3. Eğer ağrılarınız sürekli olarak yaşıyor veya daha fazla sorumluluk taşıyor, dikkatli olun. Doktorlara bu durum hakkında detaylı bilgi verin.

4. İhtiyaç duyduğunuz herhangi bir hastalığın olabileceği riskleri düşünün. Eğer mümkünse, bu durumla ilgili bir konferans düzen",Bir fizik tedavi uzmanına muayene olmanızda fayda var.
26,beyin-ve-sinir-cerrahisi,"Merhabalar, kafamın arka kısmında enseden yukarı dogru çıkınca sol tarafda bir şişlik mevcut . Üstüne bastırınca hafifden acıyor. Bir yere ve bir darbe sonucu olmadı neden şişmiş bilemiyorum.iki gün önce gördüm ve henüz geçmedi. Kötü bir şey olabilirmi ve bu şişlik bir hafta içinde geçmezse hangi bölüm doktoruna gidebilirim ? Cevap verirseniz sevinim","Bu şişliği ihmal etmemenizde yarar var.Tedavinize karar vermek için sizi görmemde yarar var. Pazartesi, Çarşamba 10-18, cuma 13-18 saatleri arasında Beşiktaş Fulya?daki muayenehanemde (Hakkı Yeten cad 13 Fulya Terrace Kat M3 Fulya - Şişli) hasta bakıyorum. İlk fırsatta bekliyorum. Dr Aybars AKKOR *** *** **/ *** *** ** / *** *** **","Bu durum, genellikle bir hastalığın belirli bir bölgeye yayıldığı anlamına gelir. Bu durumu en iyi bilgi sahibi olan doktordan veya hastane için bir konferans yapabilirsiniz. Eğer hastanızın sağlık merkezine bağlıysa, onunla iletişime geçebilir ve daha fazla bilgi alabilirsiniz. Eğer hastanızın sağlık merkezi yoksa, hastanenin yakın doktorlarına başvurabilirsiniz. Her ne kadar bir hafta içinde geçemeyeceğinden emin olmak isterseniz, hastanenizin sağlık merkezinize başvurmanızı öneririm.",Beyin cerrahisi bölümüne başvurun.
27,beyin-ve-sinir-cerrahisi,Merhaba doktor bey.bir kaç gündür sabahtan itibaren şidddetli baş ağrışı yaşamaktayım özellikle başımın sağ tarafında ensemin üst kısımlarında daha fazla oluyor ve hareket ettikçe ağrılar zonklama şeklini alıyor.bu yaşadığım baş ağrılarının sebepleri neler olabilir ve kaç gün içerisinde geçmezse doktora başvurmalıyım,İlk fırsatta bir nöroloji uzmanına başvurun.,"Merhaba! Baş ağrısı, genel olarak, hastalıklardan biri olan ""göz ağrısı"" veya ""göz ağrısı"" olarak bilinir. Bu durumda, başınızın sağ tarafındaki enesinin üst kısımlarında daha fazla olup, hareket ettikçe zonklamaya çalışıyorsunuz.

Bu durum, birkaç farklı sebeple neden olabilir:

1. Geleneksel bir hastalık - Bazı hastaların başları sağ tarafında enesinin üst kısımlarında daha fazla olabileceğini belirtiyor.
2. Tıp hastalığı - Genellikle, baş ağrısının sebebi tıp hastalığıdır.
3. Kardiyak hastalığı - Hastaların k",Beyin MR çektirmeniz gerekir.
28,uroloji,"Merhabalar doktor bey. 14 yaşındayım. 1 Yıl önce sol testisimde darbe sonrası kitle çıkmıstı ancak dogru düzgün doktora gidilmedi. Darbeden sonra kılcam damarlar çıktı 2-3 tane hala var. Şimdi yeni bi tane var 2 aydır sanırım yani sol testiste 2 tane kitle var. Sol testisin ortasından 3 mm üzerinden itibaren yukarı doğru şiş gibi. Ailede kanser hastası olan yok, inmemiş testis ameliyatı geçirmedim. Sizce bunların çıkması hep darbeden dolayı mı? Sağ testisim böyle değil. İlçede kalmamızdan dolayı sağlık ocağından kan verip o sonuçları baktırmayı düşünüyorum hocam. Şu an doktora gidemediğimiz için. Testis kanseri için bakılan yani bakılması gereken değerlerin adı nedir. Çok teşekkürler.",Varikosel olabilir. Kan testinden önce Skrotal Doppler Ultrasonografi yaptırın.,"Merhaba! Bu durumda, sol testisindeki kitlelerin oluşumu genellikle bir darbe veya bazı diğer hastalıklardan kaynaklanabilir. Ancak, bu durumun sol testisindeki kitlelerin oluştuğu için kesinlikle kanıtlanmaz olabilir.

Testis kanseri, sol testisindeki kitlelerin oluşmasına neden olabilir. Ancak, bu durumun sol testisindeki kitlelerin oluştuğu için kesinlikle kanıtlanmaz olabilir.

Daha fazla bilgi için, şu anda doktora gidemeyebileceğiniz için, sağ testisindeki kitlelerin oluşumu hakkında daha fazla bilgi almak istiyorsanız, sağ testisindeki kitleler",Bence bir üroloji uzmanına başvurunuz.
29,beyin-ve-sinir-cerrahisi,"Ayhan Bey merhabalar,boyun fıtığı ameliyatından ne kadar süre sonra fiziksel mücadele gerektiren sporlar (futbol,basketbol vs) yapılabilir? Onlar haricinde önerebileceğiniz bir spor aktivitesi var mı?",ameliyattan bira ay sonra herşey serbest yüzme en çok önerdiğimiz spor,"Ayhan Bey, bu soruya şu cevap veririm:

Ayhan Bey, fiziksel mücadele gerektiren sporlar (futbol, basketbol vb.) yapma yeteneği için ayakta kalma süresini 2-3 hafta aralığında kontrol edebilirsiniz. Bu süre boyunun fıtığı ameliyatından geçtiğinizden emin olmak için yeterlidir.

Önceki zamanlarda, ayakta kalma süreniz 1 hafta veya daha kısa olabilir. Ancak, bu sürelerdeki aktiviteyi düzenli olarak yaparak, ayakta kalma süreyi arttırmayı başardığınızı unutmayın.

Önerebilecek bir spor aktivitesi, ayakta kalma sürenizi artırmanın","Merhaba, 1 hafta sonra spor yapabilirsiniz."
30,kardiyoloji,merhaba hocam ben 23 yaşındayım 21 yaşında kalp romatizması olduğumu öğrendim. ve yaklaşık 2 yıldır ayda bir kere depo penisilin yaptırıyorum. doktorum mitral kapak yetmezliği var dedi. bende olan mitral yetmezliği hafif düzeydeymiş. 5 yıl bu iğneyi yaptırmak zorundaymışım. peki benim bu hastalığımın iyileşme oranı nedir? tamamen bu hasta hastalıktan 5 yıl sonra kurtulabilir miyim?,"Kalp romatizması hakkında ""www.kalpveyasam.com"" adresindeki kişisel sitemde ayrıntılı bilgi var, sorularınızın yanıtı burada mevcuttur. Geçmiş olsun, Prof. Dr. Ali Serdar Fak, www.vivasaglik.com","İyi günler dilerim! Merhaba! 

Mitral kapak yetmezliği, bir çok kişiye zararlı olabilir. Ancak, bu durumun iyileştirilmesi için bazı önlemler gerekebilir. İşte birkaç önemli nokta:

1. İyileştirmenin mümkün olduğu belirsizdir. Bazı hastalar, bu durumdan 5 yıl sonra kurtulmuşlardır.

2. Daha fazla araştırma gerektiği düşünülmektedir. Bu durum hakkında daha fazla bilgiye ihtiyacımız var.

3. Yüzde %70-80'lık oranında iyileşme olabilir.

4. İyileşmenin mümkün olduğu durumlarda, 5 yıl içinde iyileşme olabilir.

5. İyileş","Merhaba, öncelikle geçmiş olsun. Mitral yetmezliklerin %70'ından fazlası tedavi edilebilir. Ancak tedavilerin çoğu 6-8 haftalık tedavi süresinde yapılmalıdır. Bu süre içinde de tedavinizin etkisi olur. Tedaviden sonra da tedaviye devam edilmeli. Eğer tedaviyi tamamladıkça, tedavideki etkileri kaybederseniz, tekrar tedaviye başlanmanız gerekecektir. Tedaviden sonra da tedaviden sonra da tedaviden sonra da tedaviden sonra da tedaviden sonra da tedaviden sonra da tedaviden sonra da tedaviden sonra da tedaviden sonra da tedaviden sonra da tedaviden sonra da tedav"
31,uroloji,"değerli hocam yaşım 35, bundan 10 yıl önce yani 25 yaşındaydım top oynarken kalecilik yaptım ve kendimi toprak zemine 4 - 5 defa göğsümün üzerine sert bir şekilde attım ve içimden sanki sıvıların yer değiştirdiğini hissettim ama herhangi bir ağrı olmadı ve o gece ereksiyon problemim başladı o geceden önce penisim günde kendi kendine sabahları dahil 4-5 defa mükemmel derecede sertleşiyordu ama kendimi yere attıktan sonra ereksiyon problemim oldu aradan geçen 10 yılda hiçbir sertleşme olmadı sadece hap aldığım taktirde penis sapım sertleşiyor ama penis başım çok yumuşak sertleşmiyor çeşitli doktorlara gittim iğne vurularak penil dopler yapıldı dr. bişey yok dedi normal dedi ne yapmamı öneriyorsunuz penis başım hap aldığım zaman bile hala çok yumuşak sigara ve alkol kullanmıyorum",merhaba penil dopler yapılmış ve ereksiyon tam olmuşsa operasyonluk bir durum yok demektir. ilaç alınca anladığıma göre tam sertleşem olmuyor ama ilşki için yeterli sertlik oluyor. yapılacak tedavi seçeneği ilaçlara devam ettmek gibi görünüyor geçmiş olsun,"İşte sizinle ilgili bazı öneriler:

1. İğne vuruşunu bırakın: İğne vuruşu, genellikle biraz daha sağlıklı olmanızı sağlar.

2. Daha az sigara ve alkoli tüketin: Bu, erkeği daha sağlıklı hale getirmek için iyiydi.

3. Penis kontrolü: Sertleşme durumunu kontrol etmek için özel bir kontrol programı oluşturabilirsiniz.

4. Erkeklerin genel sağlık durumu hakkında bilgi edinin: Bazı hastalıklar da erkekler için önemli olabilir.

5. Psikolojik durumunu göz önünde bulundurun: Erkeklerin erken yaşta erkekliğinin nasıl olduğunu öğrenmek önemlidir.

6. Genetik faktörleri",Bir üroloji uzmanına muayene olmanızı öneririm.
32,ortopedi-ve-travmatoloji,Hocam iyi günler diliyorum. Yaşım 28 kilom 65 sağ dizimde 5 senedir süren ağrı vardı 2 sene önce doktora göründüm ve kıkırdık eksilmesi ve ödem demişti bugün tekrar doktora göründüm ve ödem var kıkırdak eksilmesi pek fazla yok yürüyüş yap kasların çok zayıf dedi hafif koşu iyi olur ağrıyor diye bırakma diye uyarıda bulundu bu doğrultudamı ilerleyeceğim başka önereceğiniz bir şey varmı yürüyüş gerçekten iyi olurmu.,Muayene etmeden kesin birsey söyleyemem ama diz cevresi kaslarını guclendirici egzersizler yapmanız yararlı olur.,"İşte cevap:

Hocam, sizin durumunuz için şunu öneririm:

1. Yükselme ve yürüyüş kontrolü:
   - Yürüyüşe daha az zaman harcayın.
   - Kasları sıkça kontrol edin.

2. Sağ dizininizi koruma:
   - Sağ diziminizi sık sık inceler.
   - Sağ diziminizin iyileştirilmesi için uygun ilaçlar kullanın.

3. Daha fazla bilgi almak:
   - Doktorunuz hakkında daha fazla bilgi alabilirsiniz.
   - İletişim numarasını kaydedin ve sorularınızı sorma.

4. Sağlık merkezi:
   - Eğer daha fazla sorun çıkarsa, daha fazla sağlık merkezi seyahat",Diz eklemi için ilaç kullanmanız gerekir. Daha sonra muayene edip tedavi planlamak lazım.
33,beyin-ve-sinir-cerrahisi,"sayın hocam,babam 2002 yılında bir trafik kazası geçirdi ve bel kemiği kırıldı.kazadan 6 ay sonra farkedildi ve ameliyat edildi.ameliyatta bel kemiğine platin takıldı fakat vücut platini kabul etmedi dendi,çünkü ameliyat yerinde apselenme ve kızarıklık oluştu.iltikap dışarı akmaya başlayınca platinler çıkartıldı.uzun süre antibiyotik tedavisi gördü.kemikte verem oluştuğu söylendi.tekrar platin tutmayacağı gerekçesiyle bir daha ameliyat edilmedi.bunun tedavisi mümkünmüdür?nasıl bir tedavi gerekir",Karar vermek için babanızı ve MR&#39ını görmemde yarar var. Pazartesi ve Perşembe 10-18 arası Nişantaşı&#8217;nda muayenehanemde (Teşvikiye cad.103/Kat1 Nişantaşı) hasta bakıyorum. İlk fırsatta bekliyorum. Dr Aybars AKKOR 0-212- *** *** ** *** *** **,"Bu durumda, babanın verem hastalığına yönelik en iyi tedavisinin bir kombinasyon olabilir:

1. Antibiyotik tedavisi: Verem hastalıklarının en temel tedavisi olan antibiyotikler kullanılır.

2. Platinlerin kaldırılması: Platinlerin tedavideki bir parçasıdır, ancak bazen onları kaldırırken bazı sorunlar ortaya çıkabilir.

3. Kemik tehditleri kontrol edilmesi: Verem hastalıklarında genellikle kemik tehditleri de önlenmelidir.

4. Kemer tehditleri kontrol edilmesi: Verem hastalıklarında genellikle kemer tehditleri da önlenmelidir.

5. Bazı",Beyin cerrahisinden bir doktor ile görüşmeniz uygun olur.
34,uroloji,"Hocam ben 25 yaşındayım, bekarım, 4 yıl önce bilateral varikosel ameliyatı oldum. Ameiyat öncesi spermde morfolajisi %3 iken ameliyattan 6 ay sonra %47,5 e yükseldi. Geçen hafta kontrole gittiğimde ise dopper sonucunda: solda en geniş ven çapı 4ml, sağda 2ml olarak ölçülmüş olup solda reflü mevcuttur. Doktor varikoselin tekrarladığını söyledi. - Spermiogram sonuçları ise: Hacim: 2CC, Görünüm: Normal, Viskosite Normal, Likefaksiyon Süresi: 30dk, Abstinans süresi 4 gün, - Morfoloji Normal: %5, Baş anomalisi: %78, Boyun anomalisi: %3, Kuyruk anomalisi: %19, - Yıkama öncesi Sperm konsantrasyonu: 65, prograsif motilite :%57, nonprografis motilite:%10, immotilite: %33, Aglütinasyon: Yok. - Yıkama Sonrası: Sperm konsantrasyonu: 37, prograsif motilite :%90, nonprografis motilite:%0, immotilite: %10, TPMSS: 67 - Sonuçlarımın nasıl olduğu ve tekrar ameliyatın gerekli olup olmadığı konusunda tavsiyeleriniz için şimdiden teşekkür ederim.",Merhaba. Spermiyogram tetkikiniz normal. Bundan dolayi ameliyat gereksiz,"Bu durumu analiz etmek için birkaç önemli nokta var:

1. Ameliyatın geçtiği süre (4 yıl) ve sonucunu (%47,5) belirtiliyor.

2. Varikoseyi tekrar etmek istemiyoruz çünkü bu kadar karmaşık bir durumdur.

3. Dopper sonuçlarında solda en geniş ven çapı 4ml, sağda 2ml olduğu belirtildiği için varikoseyi daha da arttığını gösteriyor.

4. Kontrol kontrolündeki sonuçlar:
   - Sperm konsantrasyonu: 37 vs 65
   - Prograsif motilite: 90 vs 57
   - Nonprografis motilite: 0 vs 10

5. Bu sonuçlar genellik",Merhabalar; Varikosele bağlı sperm kalp kapaklarında vasküler daralma ile ilgili bir durumdur. Bu nedenle ameliyat önerilir. Ancak bu ameliyatın riskleri de vardır. Ameliyat sonrası sperm kalp kapaklarında vasküler daralma ve sperm kalp kapaklarında vasküler daralma ile ilgili bir durumdur. Bu nedenle ameliyat önerilir. Ancak bu ameliyatın riskleri de vardır.
35,beyin-ve-sinir-cerrahisi,iyi günler doktor bey benim sorum şu 1 veya 2 sene kadar oldu sanırım doktora gittim bel fıtığı var dedi ozamandan bu tarafa bir daha gitmedim ve ağrılarım devam ediyor bilhassa yataktan kalktığım zaman ve ellerimde ve ayaklarımda uyuşma hissi var yürürken sanki ayaklarım yere basmıyor.ve çok korkuyorum felç olmuş gibi hissediyorum ve beni bu konuda bilgilendirireniz sevinirim.baş dönmesi hissi var ve ben bu durumdan çok korkuyorum beni bilgilendirireniz sevinirim çok teşekkür ediyorum sevgiler ve saygılar cevabınızı bekliyorum,geçmiş olsun mutlaka yeni bir mrg çekip muayene ile birlikte değerlendirmek gerekir,"İşte bir çözüm önerisi:

""Merhaba, sizin için bu sorun hakkında yardımcı olmaktan memnuniyet duyarım. Belki de biraz önceki tedaviye dikkat etmenizi öneririm. Daha fazla analiz yaparak daha iyi bir plan oluşturabiliriz. Ayrıca, fiziksel tedaviler (örneğin, yürüyüş kontrolü) ve psikolojik destek (örneğin, counseling) da değerlendirilebilir. Bu durumda, herhangi bir sorunuz varsa, onlara hızlı bir şekilde odaklanmanız önemlidir. Benimle iletişime geçebilirsiniz, size en iyi şekilde yardımcı olabilirim.""",Bir fizik tedavi uzmanına muayene olmanızda fayda var.
36,beyin-ve-sinir-cerrahisi,"iyi günler hocam. Benim sorum annemle ilgili olacak. Annem şeker hastası,115 kilo ve koroner kalp damarında da daralma var. .Çekilen MRlarında Bel ve boynunda beşer tane fıtık ve omurgada daralma tespit edildi. Kol ve bacaklaırnda güçsüzlük, gece uyandıran ağrı ve uyuşmaları var. Ayrıca idrar kaçırma gibi şikayetleri de oluyor. Bu durumda ameliyat öneriyorlar. Benim sorum ameliyat olmadan bu ağrı ve uyuşmalar enjeksiyon vb. yöntemlerle giderilmesi mümkün müdür? faydası olur mu? tavsiye edermisiniz? yardımcı olursanız çok sevinirim. İyi çalışmalar.","Annenize antaljik trak ve kyroprakti tedavisi uygulayabiliriz. Fakat önemli olan muayene bulguları. Tedavisine karar vermek için annenizi görmemde yarar var. Pazartesi, Çarşamba, Cuma 10-18 saatleri arasında Beşiktaş Fulya’daki muayenehanemde (Hakkı Yeten cad 13 Fulya Terrace Kat M3 Fulya - Şişli) hasta bakıyorum. İlk fırsatta bekliyorum. Dr Aybars AKKOR *** *** **/ *** *** ** / *** *** ** www.aybarsakkor.com","İyi günler dilerim. Annesinin sağlık durumunu düşünmek benim için çok önemli. Belki de ameliyat gerektiği konusunda bazı bilgilere ihtiyacım var.

Ameliyat, genellikle hastalığın belirli bir yerinde veya organunda olduğu için yapılmaktadır. Ancak, belirli bir hastalığın belirli bir yerde olduğunu belirtmeden önce ameliyat önerme yapmak zor olabilir. 

Annenin durumu, belirli bir organ veya bölge üzerindeki problemleri içeriyorsa, ameliyat önerisi olabilir. Ancak, belirli bir organ veya bölge dışında olan tüm病症lara ameliyat önermesi gerekebilirse, bu durumda ameliyat olmayacaktır.

Bu dur","Merhaba, öncelikle geçmiş olsun. Öncelikle size ilaç tedavisi ile tedavi etmeye çalışacağız. Eğer rahatlamazsa ameliyat kararı verilecek. Saygılarımla"
37,beyin-ve-sinir-cerrahisi,"Bel ağrısı için gittiğim muayene sonucu tomografi çektirdim ..SONUÇ:L5-S1 diskinde vakum fenomeni,minimal bulging,aterior epidural yağlı planda daralma..olarak belirtilmiş..detaylı bilgi verirseniz sevinirim..teşekkürler..",MR raporunuza göre acil ameliyatlık bir durum yok. Öncelikle fizik tedavi görmenizde yarar var. Eğer rahatlamazsanız bana gelebilirsiniz. Dr Aybars AKKOR 0-212- *** *** **,"Bel ağrısının sonucu belirtildiği gibi, L5-S1 diskinde vakum fenomeni, minimal bulging ve aterior epidural yağlı planda daralma olduğunu belirtmiştir. Bu durum, bel ağrısının genel bir durumu olarak değerlendirilebilir. Eğer detaylı bilgi vermek istiyorsanız, bu konuda daha fazla bilgi almak veya doktorunuzla görüşmenizi öneririm. Teşekkür ederim!","Merhaba, Lomber lordozda düzleşme mevcuttur. L4-5 düzeyinde diskte dejenerasyona bağlı sinyal kaybı mevcut olup, bu düzeyde spinal kord ve nöral foramenler açıktır. L5-S1 düzeyinde diskte dejenerasyon mevcut olup, bu düzeyde spinal kord ve nöral foramenler açıktır. Bu durumda ameliyat gerektirecek bir durum yoktur."
38,ortopedi-ve-travmatoloji,"merhaba hocam,ben malatya da tıp fakültesinde okuyorum samsunda ikamet ediyorum. malatya da 3 hafta önce ACL ameliyatı oldum Hermstring kasımdan tendon alınarak. Malatya daki hocam bana koltuk değneğini 3 hafta sonra bırakıp yürüyebirisin demişti fakat ben yine de vakti gelince kendisine ulaşmaya çalşıtım ulaşamadım. dizimde hafif şişlik var dikiş yaraları kapandı ve sürekli egzersizlerimi yapıyorum. koltuk değneği kullanmayı bırakmamda sakınca olur mu? 5 gün sonra köye gitmek istiyorum bayram: yani 26 gün sonrası için soruyorum. yardımcı olursanız çok sevinirim.","Normalde ameliyattan hemen sonra fizik tedavi başlanarak 3. hafta yük vermeye başlanabilir. Ancak yapılan ek işlemler (menisküs, kıkırdak vs.)'e ve cerrahın tercihine göre bu sürelerde değişiklikler olabilir.","Merhaba! Size nasıl yardımcı olabilirim?

Koltuk değneği kullanma konusunda bazı önemli noktalar:

1. Koltuk değneği, vücudun sağlığını korumayı amaçlar.

2. Dışarıdan gelen endişeler veya zorlukları kontrol etme amacıyla kullanılır.

3. Hafif şişlik ve dikiş yaraları durumu hakkında bilgi verirseniz, doktorlara bildirmenizi öneririm.

4. Yükselmeniz gereken zaman belirlenmişse, bu durumda bile risk vermeyeceğiniz anlamına gelmez.

5. Doktorlara başvurmanızı öneririm, özellikle hem string kasından ve tendon alımı ile ilgili.

6. İstediğiniz kadar süreyle y","Merhaba, öncelikle geçmiş olsun. Koltuk değneği ile ilgili bilgi veren doktorunuzdan daha iyi bilgi alabilirsiniz."
39,genel-cerrahi,İyi gunler makatta 1 haftadir surekli yanma var bazen hafifliyor genel cereha muhane oldum catlak ve basur var dedi makatta catlak devamli yanma yaparmi 3 tane krem verdi. 5 gun oldu biraz hafifledi ama kanamam yok gibi ara sira tuvalet kagitina bir kac damla geldi ama bende 5 gundur makattan belime dogru yanma devam ediyor tekrar muhane olmalimiyim tesekkurler,Çatlak varsa 5 günde tamamen düzelmesini beklemeyiz. Dolayısıyla yanmalarınız da devam eder. Ben 1 ay tedaviden sonra değerlendirme yapıyorum. Hekiminiz başka türlü öneride bulunmadıysa siz de tedavinizi bir aya tamamlayınız.,"İyi günler! Bu sorunuz hakkında yardımcı olmak için birkaç önerim var:

1. Yanmalarınızın ne olduğunu kontrol etmenizi öneririm. Eğer yanmaların yoğunluğu veya boyutları değiştiyseler, bu durumu doktor'a bildirmemiz gerekebilir.

2. Yanmalarınızın neden olduğu bir hastalığa dikkat etmenizi öneririm. Bazı hastalıklar yanma nedenleri olarak ortaya çıkabilir.

3. Yanmalarınızın ne kadar yoğun olduğunu ve bu da normaldeyse olup olmadığını kontrol etmenizi öneririm. Eğer yanmaların yoğunluğu artmışsa, bu durumu doktor'a bildirmemiz gerekebilir.

4. Yanmalarınızın neden olduğu bir hastalığa dikkat et",Makatta kanama olmaması için ilaç kullanmanızı öneririm.
40,uroloji,merhaba hocam benin sorunum çocuk sahibi olamamak ben yaklaşık 3 yıllık evliyim ama çocuk sahibi olamadım doktora gittim sperm sayısının çok düşük olduğunu ve hareketliliğin çok az olduğunu söyledi ve varikosel ameliyatı oldum çift taraflı bana evicap e vitamini hap verdi bunu 3 ay boyunca kulan mamı söyledi 3 ay sonunda sperm testi yaptırdım sayılarda artış olduğunu ve 3 ay daha kulanma mı önerdi bana allah rızası için yardım ederseniz sizin duacınız olurum şimdiden teşekkürler,Sperm sayılarınız ameliyat sonrası düzeldi ise bir süre daha beklemek uygun olabilir. Size önerilen tedavinin bir zararı olmamakla birlikte ne kadar faydalı olduğu tartışmalıdır. Kullanmanızda bir sakınca yoktur. Operasyon sonrası 1. yıldan sonra hala çocuk sahibi olamadı iseniz yardımcı üreme teknikleri (aşılama vb.) denenebilir.,"Merhaba! Size yardımcı olmak için size birkaç önemli nokta sunabilirim:

1. Varikosel ameliyatın ardından, tamamen yeni bir çocuk sahibi olmak için gereken bir şey değildir. Bu durumda, biraz zaman geçirerek normal bir yaşam süreceksiniz.

2. Evcil hayvanların (evcil bebekler) gelişmesi, genetik faktörlerle ilgili olarak da önemli bir süreç. Bu nedenle, bu süreçteki herhangi bir etkisiyle karşılaşırsanız, doktorlardan faydalanmanızı öneririm.

3. Vitamine ve diğer maddi hizmetleri, evcil hayvanların sağlıklı bir yaşam sürme konusundaki önemli bir rol oynar. Ancak, bu hizmetlerin",Bir süre sonra tekrar test yaptırın.
41,uroloji,Merhaba Hocam testislerde çok ağrı oluyor ultrason çekildi sağda grade 2- 3 solda 3-4 varikosel ve bilateral testiküler mikrolitiyazis çıktı çok aşırı ağrım oluyor hocam sperm de çok az bazen gelmiyor ne yapmam gerekiyor tşkler,Spermiyogram yaptırıp bir üroloji uzmanı ile görüşün. Varikosel ameliyatı gerekebilir.,"Merhaba! Bu sorunun çözümü için birkaç adım daha gerektiriyor:

1. **Ultrasonografını kontrol edin**: Daha fazla bilgi almak için tekrar ultrasonografını izleyebilirsiniz.

2. **Diğer hastalıkları gözden geçirin**: Varikosel ve mikroliteli zayifliklere rağmen, diğer hastalara dikkat etmenizi öneririm.

3. **Klinikteki tedaviye başvurun**: Hastalığınızı daha iyi yönetmek için doktorlardan yardım isteyebilirsiniz.

4. **Spermik analizleri**: Spermik miktarının az olduğunu düşünüyorsunuz, bu durum için laboratuvarda daha fazla çalışmayı denemek veya başka bir hast","Merhaba, Sizdeki durumunuz testislerinize zarar veriyorsa ameliyat gerekir. Ancak bu duruma göre ameliyat için muayene edilmeniz ve tetkiklerinizle değerlendirilmeniz gerekir. Geçmiş olsun."
42,kulak-burun-bogaz-hastaliklari,slmlar..dilimin dibinde et gibi bi şey hissediyodum..dr gittim dil bademciği dedi..bazı kişilerde olabilir dedi..lakin hafif b iboğaz enfeksyonunda boğazımda yumruk gibi hissediyorum..ve rahatsız etmekte.bunun tedavisi varmı.tşkler,Tabiiki var.Geçmiş olsun,"İşte cevap:

Bu durumu tedavi edebilmek için birkaç adım atmanız gerekecek:

1. Daha fazla bilgi almak: Dilinizi daha fazla inceleyerek, bu durumun nedenleri hakkında daha fazla bilgi alabilirsiniz.

2. Doktoru arayın: Bazı hastalıklar, özellikle enfeksiyonlar, tedavisini doktor tarafından kontrol edilebilir.

3. Yeniden aydınlatma: Dilinizi yeniden aydınlatmak için yeterince su içmeniz veya yapışkan bir su kullanmanızı öneririm.

4. İyilikler: İyilikler, dilinizi iyileştirmek için çok iyi olur.

5. Tıp hizmetleri: Eğer doktorunuz",Dilediğiniz zaman gelin bakalım.
43,ortopedi-ve-travmatoloji,"12 yıl önce beyin tümörü, 6 yıl öncede beyin sapı tümörü nedeniyle ameliyat oldum. Yürüyemiyorum. Son 2 senedir sol omuzum ileriye doğru geliyor. Düz oturduğum halde sanki yan oturmuş gibi görünüyorum. Neden kaynaklanıyor olabilir. Çaresi nedir.",Tamamen yaşadığınız beyin tümörü ile ilgili.,"Bu durumu kontrol etmek için birkaç önemli nokta göz önünde bulundurmanız gerekiyor:

1. Ameliyat sonrası, beyin tümörü ve sapı tümörü durumları değişiklik gösterebilir.

2. Sol omuzun ileriye doğru gelişi ve yan oturması durumunu kontrol etmeniz gerekir.

3. Bu durumlar, beyin hastalığı veya diğer organ hastalıklarının bir parçası olabilir.

4. Daha fazla bilgi almak için doktoru çağırmanız önerilir.

5. Ameliyat sonrası, normal bir şekilde devam eden bir durum olarak kabul edilebilir.

6. Ancak, bu durumların beyin hastalığını belirtmesi için daha fazla bilgi ve tedavi gerektiği düşün","Beyindeki tümörün büyümesi ile birlikte, kafaya takılan bir şey varsa, bu duruma bağlı olarak, omuzunuzda ağrılar olabilir. Muayene edilmeniz gerekecek."
44,fiziksel-tip-ve-rehabilitasyon,"merhablar hocam benim size sorum olucak .belim için mr çekildim sonucu şu sekilde geldi Lomber ve Lordoz düzleşmiştir. L1-2 , L2-3 , L3-4 , L4-5 , L5-S1 disklerinde minimal diffüz annüler taşma izlenmektedir.Nöral foramenler açıktır.sinir kök basısı saptanmadı. postkontrast incelemede spinal kanalda patolojik kontrast tutulumu saptanmadı. L5-S1 intervertebral disklerde dejenerasyona sekonder T2 ağırlıklı serilerde sinyal intensite kaybı ve nükleer kleftlerde belirginleşme izlenmektedir. iki doktor a sonucumu gösterdim .bi doktor bel fıtığı olmadığını söyledi .diğer doktor ise bi kaç tane bel fıtıgı ve bel düzleşmesi olduğunu söyledi .çok çelişkide kaldım bel fıtığım varmı ,yeni başlangıcı mı .ne yapmam gerekir hocam yorumlarmısınız","Esma Hanım, MR raporuna göre bel fıtığınız yok. Fakat bel incinmesi-zorlanması bulguları mevcut. Muayene bulgularınız gerektiriyorsa, tedavi edilebilir bir durumdur. Şunları incelemeniz faydalı olabilir: http://www.erenkoyfiziktedavi.com/Bel_Zorlanmasi_Ve_Incinmesi-detaylar-6.aspx http://www.erenkoyfiziktedavi.com/Bel__ve__Boyun__Restorasyonu-detaylar-40.aspx","İşte cevabım:

1) Bel fıtığı yok mu? - Bi doktor ""Bel fıtığı olmadığını"" söyledi.

2) Bel düzleşmiş mi? - Diğeri doktor ""Bi kaç tane bel fıtıgı ve bel düzleşmesi olduğunu"" söyledi.

Bu durumda, bel fıtığı yoktur ama bel düzleşmiş olabilir. Ancak belki de daha fazla bilgi gerekebilir. 

Yorumlar:
- Bel fıtığı yok.
- Bel düzleşmiş olabilir.
- Daha fazla bel fıtığı veya düzleşme gerektiği durumlarda, daha fazla incelemeye ihtiyaç duyulabilir.

Daha fazla incelemenin önemini unutmayın. Bel fıtığı ve düzleşme durumları genellikle birbirine bağlıdır","Merhaba, öncelikle geçmiş olsun. Bel fıtıklarında da bel düzleşmesi olabilir. Ancak bu duruma göre tedavi edilebilir. Eğer bel fıtığı yoksa, bel düzleşmesi de ameliyatla düzeltilir."
45,kalp-damar-cerrahisi,hocam merhabalar. size bir sorum olacak. babam damar ameliyatı oldu. 2 kollarından ve 1 gögüs üzerinden alınmak üzere 3 damar değiştirildi. ancak yoğun bakımdan çıktıktan 1 gün sonra yüzü aşırı derecede şişti. buna deri altı şişliği dediler. bu neden kaynaklanmış olabilir? değerli bilgileriniz için şimdiden teşekkür eder saygılar sunarım.,Sayın Yüksel Öncelikle geçmiş olsun. Kusura bakmayın yoğunluktan sorunuza geç cevap verebiliyorum. Babanızın şikayeti hala devam ediyor mu? Başka bulguları gelişti mi? Cevabınıza göre daha ayrıntılı cevap verebilirim. Sağlıcakla,"İşte cevap:

Bu durum, derin bakımda yaşanan bir hastalığa yol açabilir. Derin bakımda yaşanan bir hastalık, genellikle derin bakımdaki bir deri altı şişliği veya derin bakımdaki bir deri altı şişliği gibi bir hastalığa yol açabilir.

Derin bakımda yaşanan bir hastalığına dair daha fazla bilgi almak için, doktorunuzla görüşmelisiniz. Doktorunuz, babanın hastalığı hakkında daha fazla bilgi verirken, derin bakımda yaşanan hastalıkları da belirleyebilir. Bu durum, tedavi yöntemlerini seçmek ve tedavinin sonucunu değerlendirm",Bir hastalığa bağlı olarak oluşabilecek bir durumdur. Bir doktor tarafından değerlendirilmesi gerekir.
46,uroloji,Merhaba hocam 16 yasinyayim penisimde yukari dogru killar var ne yapmaliyim ucuna kadar cikarmi lutfen yardim edin ..,"Genç Arkadaşım Merhaba. Tamamen sünnet tekniği ile ilgili. Penis dip kısmında kıllanma olması doğal, yukarı ilerlemez. İlerlese dahi lazer epilsdyon ile sorun çözülür. Endişe etmeye gerek yok. İyi çalışmalar.","Merhaba! Bu sorunuzda önemli noktaları belirtmek gerekir:

1. ""Killar"" kelimesinin doğru ifade olması gerekmektedir.
2. ""Yukarı"" kelimesi yanlış kullanılmıştır.

Bu nedenle doğru bir cevap şu şekildedir:

""Hocam, benim 16 yaşındayım. Penisimde yukarı doğru killer var. Lütfen bu killere kadar uzaklaşmayı unutmayın.""

Bu cümlede:
- Yaşınız doğru (16 yaş)
- Killerin doğru ifadesi (höyük)
- Yanlış bir kelime (yukarı) kaldırıldı

Bu şekilde, onun sağlık konusunda daha iyi bilgi almasını sağlayabilirsiniz.",Bir üroloji uzmanına muayene olmanız gerekir.
47,beyin-ve-sinir-cerrahisi,yaklaşık 3 ay önce baş ağrısı nedeniyle acişle gittim ve tansiyonun 200/100 dü o güne kadar hiç tansiyon şikayetim yoktu.şimdi tansiyon ilacı kullanıyorum.tansiyon hastası olduğmu öğrendikten yaklaşık 15 gün içinde görmemde bulanıklık ferkettim.bir yere dikkatli bakktığımda en fazlan 2 saniye sonra bulanık görmeye başlıyorum.göz doktoruna gittim ama gözlerimde sorun olmadığını söyledi.ensemin alt kısmında ağrı var kolarıma vuruyor bulaşık yıkarken zorlanyorm.bazen algılama sorunuda yaşıyorm.ltfn,İlk fırsatta bir nöroloji uzmanına başvurun.,"Bu durum oldukça zordur ve uzman bir tıbbi asistan veya doktora başvurmanız önerilir. Daha fazla bilgi almak için göz doktorunuza dair görüşmeyi unutmayın. Bu durum, genellikle bir tansiyon hastalığının belirgin bir etkisi olabilir. Tansiyon hastalığı, gözlerinizi açırken veya yorgunlukla çalışırken daha fazla tansiyon oluşturur. Bu durum, göz doktorlarına bildirmek önemlidir çünkü bu durum, gözlerinizin sağlık konusunda önemli bir sorun olduğunu gösterir.",Beyin cerrahisi uzmanına başvurmanızı öneririm.
48,genel-cerrahi,"Merhaba, bebeğim şu anda 17 aylık. 4 ayına kadar her iki mememi emzirdim. 4. aydan sonra sadece sağ mememi emiyor. Sol mememde İki göğsümün arasına gelen tarafta takribi olarak 15 günden beri ağrı oluştu. Elimle kontrol ederken fındık büyüklüğün de bir beze geliyor ve mememe bastırınca canım acıyor. bebeğimi kucağıma alırken de canım yanıyor. Süt düğümlenmesi olabilir mi? Ya da kanser belirtisi mi? Önerilerinizi acilen bekliyorum. Teşekkür ederim.",Süt düğümlenmesinde kasdınız nedir bilemedim. Ama bu dönemde en sık gördüğümüz iltihaplanmadır. Yaşınızı dikkate aldığımda yağ bezi (fibroadenom) da olabilir. Bir genel cerraha muayene olmanız olayı açıklığa kavuşturur.,"Bu durumda bebeği tutmak için en iyisini yapmanız gerekecek, ancak bu durumu doğrulamak için profesyonel bir doktorun yardımını almanız önemlidir. Bebeğinizin sağ mememinin daha fazla ağrısı ve fındığının büyüklüğüne dikkat etmeniz önemlidir. Bu durumlar kanser veya başka bir hastalığa yol açabilebilir, bu yüzden onları kontrol etmek için profesyonel bir tedavi planı oluşturmanız gerekmektedir. Süt düğümlenmesi gibi bazı diğer hastalıklar da olabilir, ancak bu durumlar genellikle daha karmaşık ve uzun vadeli bir tedaviden sorumludur. Bebeğinizin sağlık durumunu kontrol",Bir üroloji uzmanına başvurun.
49,genel-cerrahi,tiroid sol lob üst polde 13*9mm boyutunda . sağ lob inferorda 7 mm boyutunda izoekoik heterojen solid nodüler lezyonlar izlenmektedir diğer yapılar normal gözükmekte olup acaba risk ne grup da ameliyat olma riski var mı hocam büyüme durumu nedir ne yapabiliriz bu konuda yardımcı olursanız sevinirim hocam,6 ay arayıla ızlenmelısınız nodul 1 cm yi geçerse ameliyat gerekebilir,"İşte cevabım:

1. Sol lobun üst poldeki 13 x 9 mm boyutlu izoekoik heterojen solid nodules (iki farklı nöton) izlenmektedir.

2. Sağ lobun inferoda ise 7 mm boyutlu izoekoik heterojen solid nodules bulunur.

3. Diğer yapıların normal görünümü gösteriyor.

4. Bu durumda, ameliyat olma riski yoktur. Ancak, doktorlara bildirmek önemlidir.

5. Bu durum, büyüme durumuna bağlı olarak değerlendirilebilir. Eğer büyüme durumu kötüyse, ameliyat olmaya karar verilmesi gerekebilir.

6. Ameliyat seçenekleri arasında:
   - Tumor silimi",Tiroid kisti (kistik tiroid) tedavisi gerekmez. Ameliyata deilere bağlı olarak tedavi edilebilir.
50,fiziksel-tip-ve-rehabilitasyon,"İiyi Günler Doktor bey benim sorunum dizimle ilgili mr raporunda yazan 2cm çapında baker kisti saplandı medial menisküs posterior boynuzda grade I dejenerasyon lehine intrasubstane sinyal artışı izlendi lateral menisküsün morfoloji ve sinyal intensite dağılımı doğal izlenmiş olup patolojik sinyal intensite değişikliği saptanmamıştır,filimlerdede dizde kireçlenme olduğu görülüyor rapora yansıtılmamış şiddetli ağrı oluyor bir takım egzersiz verdiler ama ağrılarım dinmiyor. saygılarımla cevabınız için şimdiden teşekkürlerimi sunarım....","MR raporu ve röntgende kireçlenme bulguları var, ama 27 yaşında bunun olması çok normal değil. Acaba yorumlarda bir abartı mı var. Değilse, nede bu yaşta böyle. Detaylı bir inceleme gerekli. Ağrının sebebini de ayrıca araştırmak gerekiyor.","İyi günler! Bu durumu anlamak için birkaç önemli noktayı dikkate alabiliriz:

1. Sınırlı bilgiye dayanarak, bu durum genellikle bir sebep olarak bir fiziksel aktivites veya bir yere sahip olabilecek bir hastalık (örneğin, bir yere sahip olan bir zehir) olabilir.

2. Genel olarak, bu durumda normal bir sebebi olmayan şiddetli ağrılar olabilir. Ancak, bu durum genellikle bir sebep olarak bir fiziksel aktivites veya bir yere sahip olabilecek bir hastalık (örneğin, bir yere sahip olan bir zehir) olabilir.

3. Bilimsel çalışmalar gösteriyor ki, bu durum gen",Bir fizik tedavi uzmanına muayene olmanızı öneririm.
51,fiziksel-tip-ve-rehabilitasyon,merhaba hocam saygılarımla..ben iş makinası oparatoruyum yazın kolumuzu iş yogunlugundan dolayı hep aynı hareketlerle kolumu çok aşırı yoruyoruz bundan olabilirmi? 1-2 ay içinde agrılar belırmeye başladı hastaneye gittim.MR cekindim ve sonuc ''''akromıon tip 3 çıktı.ve 1:(supraspinatus tendonu kalın ve sinyallidir.(tendinozis) 2:(subkorakoid bursada ve subakromial-subdeltoid bursada minmal efuzyon mevzuttur).'''bu şekilde verildi ne yapmam gerekiyor? şimdiden çok teşekkur ederim.2 ay oldu ağrılar aar ara devam ediyor.,"Merhabalar; Omzunuzda sıkışma ve zorlanma sendromu bulguları mevcut. İlaç tedavisinin yanında, fizik tedavi, egzersiz ve omza iğne tedavisi gerekir. Sonrasında da kineziotape uygulaması öneririm. Yaklaşık 3-6 aylık bir tedaviye rağmen şikayetleriniz geçmezse ameliyat gerekebilir. Geçmiş olsun.","İşte doğru ve güvenli bir cevap:

Merhaba! Hayatınız için teşekkür ederim. Bu sorunun çözümü şu şekildedir:

1. Tendonoyu kontrol etme: Supraspinatus tendonu kalın olduğu için, bu tür durumlarda sıkıştırma veya uzamasını kontrol etmek önemlidir. Bu, doktor tarafından önerilen bir yöntemdir.

2. Bursalara müdahale etme: Subkoriyoid, subakromial ve subdeltoidal bursaların minmal efektif hale gelmesi durumu. Bu durumda, doktor tarafından önerilen bir yöntemdir.

3. Pain Relief Teknikleri: Doktor tarafından önerilen pain relief teknikleri (örneğin, konforlu bir uyku ortamı, ist",Merhabalar; Öncelikle geçmiş olsun. Kolumunuzda yırtık varmış. Bu duruma göre ameliyat önerilir. Ameliyattan sonra da kolumunuzun yanındaki şişlik ve ağrılar geçecektir.
52,beyin-ve-sinir-cerrahisi,merhaba hocam ben annem için bir soru sormak istiyorum size annemde omirilikte damar daralması var omirilik kemiği L şeklinde dir doktorlar ameliyat olması gerektiğini söylediler bu ameliyatların risk oranı nedir ameliyat olursa eski sağlıgına dönebilir mi masada kalma ihtimali var diyorlar annem için çok endişeleniyoruz.cevabınız için şimdiden teşekkür ederim,"Benim yaptığım ameliyatta sakat kalma felç olma riski yok, yaklaşık 1 saat sürüyor, cilt dikişiniz olmuyor, oniki saat sonra ayağa kalkabiliyorsunuz. Ameliyatın ertesi günü eve dönebilirsiniz. Bel kaymasında bele titanyum vidalar yerleştiriyoruz. Halk arasında &#8220;vida&#8221; veya &#8220;platin&#8221; ameliyatları olarak bilinen bu ameliyatlar çok riskli ameliyatlar. Biz hastaya sakat kalma felç olma riski yok diye garanti verebilmek için özel bir teknoloji kullanıyoruz, böylece ameliyatlarda bir sorun çıkmıyor. Karar vermek için annenizi görmemde yarar var. Pazartesi, Salı ve Perşembe 10-18 arası Nişantaşı&#8217;nda muayenehanemde (Teşvikiye cad.17/Kat1 İkbal İş Merkezi-Teşvikiye Camii karşısı &#8211; Nişantaşı - İstanbul) hasta bakıyorum. SGK ameliyatlarda büyük indirim sağlıyor. Sizi görmeden ücret belirtmek çok zor, ama elimden gelen yardımı yaparım, merak etmeyin. İlk fırsatta bekliyorum. Dr Aybars AKKOR *** *** ** *** *** ** / *** *** ** Not: Daha ayrıntılı bilgi istiyorsanız *** *** **&#39;den Onur Hanımı (LİSTEZİS koduyla) arayabilirsiniz.","Merhaba, sizin annesinin omurullukta damarlar daraldığına dair sorunuz hakkında yardımcı olabilirim. Ancak, bu konuda en uygun ve güvenilir bir cevap vermek için profesyonel bir doktordan yardım almanızı öneririm. Ameliyatın risk oranını ve eski sağlık hizmetlerine geri dönme ihtimalini belirlemek için özel bir bilgiye ihtiyacım var. Bu durumda, annenizin sağlık hizmetlerinden daha iyi bir doktor ile görüşmenizi tavsiye ederim. Başka bir konuda yardımcı olabilir miyim?","Merhaba, Annenizdeki durumun tedavisi için ameliyat olabilir. Ameliyattan sonra da sağlığının tekrarlanacağına dair bilgiye ulaşmak için hastanızı muayene etmem gerekecek."
53,genel-cerrahi,"ben 41 yasında bayanım hocam boyun usg sonucu her iki parotıs normal lezyon saptanmadı. her iki submandibuler boyut ve parankim doğal. troid glandı sag lobu 16*15*41mm sollobu 14*15*41istmus 3,5mm. parankimi minimal heterojen olup sağ lobda 1-2 adet kalsifikasyon mevcuttur.belirgin sınır veren kistik veya solid kitle izlenmedi... sag level 2de kısa aksı 1cm gecmeyen bırkac adet lenf nodu mevcuttur. sol submandibuler lojda yaglı hılusu kısmen seçilebilen 13*7 bırkac adet lenf nodu izlendi hocam kan sayımında hormonlarda sıkıntı çıkmadı 4 yıldır nodulumun oldugunu biliyorum buyume göstermiyo fakat en son gittiğimde kalsifiye beni korkuttu suan antibiyorik kullanıyorum hocam yorumunuzu ve tavsiyenizi bekliyorum",Korkulacak bir şey yok. Ama bir genel cerrah tarafından değerlendirilirse iyi olur. Geçmiş olsun.,"Bu durum oldukça karmaşık ve uzmanlık gerektiren bir durumdur. Ancak, bu bilgileri göz önünde bulundurarak bazı öneriler verebilirim:

1. Parotitopen (usg) sonuçları, sağ lobu 16*15*41 mm ve sol lobu 14*15*41 mm olarak belirtildiği için, normal bir yapıya sahip olduğuna inanabiliriz.

2. Troid glandı ile ilgili bilgiler, normal bir yapıya sahip olduğu için güvenilir görülmektedir.

3. Sağ lobu 1-2 adet kalsifikasyon mevcut olduğu için, bu nedenle normal bir yapıya sahip olduğuna inanabiliriz.

4. Sol lobu da normal bir yapıya sahip olduğu",Bu USG raporunda kalsifikasyonlar var. Bu durumda ilaç tedavisi ile düzelme olmazsa ameliyat gerekebilir.
54,beyin-ve-sinir-cerrahisi,başımda bi beze oluştu dokunduğumda ağrıdığını hissediyorum yağ bezesi olabilceğini düşünüyorum size danışmak istedim,görmeden birşey söylenmez,"İşte cevap:

Beze, genellikle biraz dengeli bir yere düşerken veya sıkça kullanılırken, vücudun bazı yerlerinde belirli bir sebeple neden olabilir. Beze, özellikle kafes, çelik, metal gibi dengeli bir yere düşerken, vücudun bu yerlerine daha fazla basınç vermesi durumunda, o yerdeki hücrelerin normal bir şekilde çalışmasını zorlaştırabilir.

Bu durum, vücudun bu yerlerindeki hücrelerin normal bir şekilde çalışmasını zorlaştırır ve bu da ağrıya neden olabilir. Beze, vücudun bu yerlerindeki hücrelerin normal bir şekilde çalışmasını sağlarken, aynı zamanda bu yerlerdeki hücreler",Bir kardiyakoloji uzmanına başvurun.
55,ortopedi-ve-travmatoloji,merhaba hocam; annem 38 yaşında ve sağ bacağındaki ağrıdan şikayetçi 4-5 sene önce diz kapağında başladı diz kapağını kıramıyodu şimdi bazen bacağında bazen baldırında bazen topuğunda bazen parmak uçlarında iğne gibi bişeler batıyor.Şikayeti ne olabilir yardım ederseniz çok sevinirim şimdiden teşekkürler,Merhaba gecmis olsun. Lomber disk hernisi acisindan degerlendirmek gereir. Size onerim mutlaka ortopedi uzamnina basvurmaniz gerekir. Tesekkur ettim..,"Merhaba! Annemin durumunu anlamak için birkaç önemli noktayı dikkate alalım:

1. Yaş: 38 yaşındadır.
2. Sağ bacağındaki ağrı: 4-5 yıl önce başlamıştır.
3. Problemler: Diz kapağına kırmaya başlamış, bazen bacakta, bazen baldırında, bazen topuğunda veya parmak uçlarında iğne gibi hissediyor.

Bu bilgileri göz önünde bulundurarak, şu soruları düşünmek istiyorum:
- Bu ağrıların nedenleri neydi?
- Bazı durumlarda hangi yerlere daha sık geçtiğini anlıyor musunuz?
- Başka bir hastalığınız var mı?

Bu bilgiye göre, annenin",Bir fizik tedavi uzmanına muayene olmanızı öneririm.
56,beyin-ve-sinir-cerrahisi,sayın hocam benım problemım yaklaşık 4-5 aydır devam eden kollarımdaki ağrıdır. ağrı hareket halinde olduğu gibi hareketsiz de yaşanıyor. özellikle koların omuza doğru olan bölümleri agırmaktadır. konu ile ilgili aktarımlarınızı rica ederim. saygılarımla...,"İlk fırsatta boyun MR'ı ve &#8220;her iki kol EMG&#8221; çektirin, sonuçları bana yollayın veya bizzat getirin, sonra ayrıntıları görüşelim. Dr Aybars AKKOR 0-212- *** *** ** Faks:*** *** **","İşte cevabınız:

Sayın Hocam,

Üzgünüm, ama benim bilgiye sahip değilim. Bu sorununuz hakkında aktarımlar yapmak için bir profesyonel tedavi ekiplerine başvurmanız gerekecek. Eğer hastalığınız çok zor veya uzakta olursa, hastane veya sağlık kuruluşuna başvurmanız önerilir.

Rica ederim ki bu sorununuzla ilgili en iyi tedavileri bulabilirsiniz. İyi sevgiler!

Dikkatli olun!","Kol ağrısı, kuru iğne tedavisi ile düzelir."
57,genel-cerrahi,Makat kısmının arka kısmında mercimek tanesi kadar şişlik ve ara ara sol tarafta hafif şişlik var. 2 haftadir bu şekildeyim ağrım sızım tuvalete çıkmada hiçbir sıkıntım yok sebebi nedir ne yapmam lazım,İçinde pıhtı oluşumu gelişmiş bir hemoroid olabilir veya kıl dönmesi.muayene etmeden birşey söylemek doğru olmaz geçmi olsun,"Bu durumda, ağrınız ve sızmanızın sebebi genellikle bir dengesizliği veya bir yan etkisidir. Bu durum, özellikle de kocaman bir yan etki gibi, sağ taraftaki şişlik ve sol taraftaki hafif şişlik arasındaki farkla ilgili olabilir.

Sebeplerin bazıları:

1. Yan etkisi: Sağdan gelen bir yan etki (örneğin, bir yanet veya bir yan etki) nedeniyle sağ taraftaki şişlik ve sol taraftaki hafif şişlik arasında bir fark oluşur.
   
2. Denge sorunları: Sağdan gelen bir yan etki veya bir yan etki nedeniyle, sağ taraftaki şi","Merhabalar; Makatta şişlik ve ağrı olursa, makata yakın bölgede kireçlenme veya kıl dönmesi olabilir. Bu durumda, doktorunuz muayene ettiğinde, tedavi planlanır."
58,beyin-ve-sinir-cerrahisi,hocam öncelikle iyi akşamlar dilerim hocam ben ağustos ayında boyun fıtıgı amelıyatı geçirdim açık ameliyat oldum.yaklasık 2.5ay boyunluk taktım omuriliğimde platin var onun kaynaması için taktırıdı doktorum öle söledi yani hocam daha sonra işden çıkardıalr beni 4 ay kadar raporluydum geçen günü de iş görüşmesine gittim hocam beni ameliyatlıyım dıye elediler hocam bu fıtık ameliyatı benım çalışmamda engel mi ayrıcada ben futbol ve fitness oynuyabilirmiyim gerekli açıklamayı yaparsanız cok sevinirim hocam saygılar...,nasıl bir ameliyat yapıldı bilmiyorm ama boyun fıtığı ameliyatıundan sonra normalde boyunluk gerekmez bir hafta sonra her işi yapabilirisiniz normal insanlardan farkınız kalmaz,"İşte cevabını tam olarak:

""Özür dilerim, ancak bu konuda bilgi vermek için profesyonel bir tıp hizmeti veya doktora başvurmanız gerekecek. Benim size yardımcı olmak için buradayım, ama bu konuda daha fazla bilgi almak ve uygun bir çözüm bulmak için başka bir kişiyle iletişime geçmen gerekiyor.""

Bu cevaba göre, uzman bir tıbbi asistan, bu durumu daha fazla bilgi almak ve uygun bir çözüm bulmak için başka bir kişiyle iletişime geçmesini öneriyor. Bu, genellikle profesyonel bir tıp hizmeti veya doktora başvurması gerektiği anlamına gelir.","Merhaba, Fizik tedavi uzmanına başvurmanızı öneririm."
59,genel-cerrahi,Slm hocam annem kolon kanseri ameliyat oldu patoloji sonucunda KONJESYONE FİBROLİPOMATÖ doku ve MALİGN SİTOLOJİ tanısı konulmş acaba nedir bilgi verirmsnz,"Kolon kanseri için yazdığınız patoloji raporu uygun değil. ""Maling sitoloji"" demek habis hücreler anlamına gelir. Kanser için hiç açıklayı değildir. Diğer ifade kötü bir durumu göstermiyor. Asıl patolojiye henüz ulaşamamışsınız zannedersem.","Anladım, senin annesinin kolon kanserindeki ameliyat sonuçları hakkında soruyorsun. Bu durumda, ""KONJESYONE FIBROLİPOMATÖ"" (KFP) doku ve ""MALİGN SİTOLOJİ"" (MS) tanısı konulu olabilir.

KFP doku, kanser kanserlerinden daha küçük ve daha az karmaşık olan bir kanser türüdür. MS tanısı, kanser nedeniyle oluşmuş ve normal kanserlerden farklı olan bir organ veya bölgeye ait bir kanser türüdür.

Bu durum, kanser tedavisi sırasında kullanılan yöntemler arasında bazı önemli noktalar bulunur:

1. Ameliyat: Kanser kanserlerini tedavi etmek için yapılan bir tedavid","Kolon kanserindeki fibrolipomatö doku, kendi kendine yeterli olan bir kitleye benzer bir durumdur. Bu durumda ameliyattan sonra tekrar kanısının olup olmadığına bakılır. Eğer tekrar kanıya yol açarsa, ameliyat edilir."
60,uroloji,"merhaba hocam babam 62 yaşında 3 yıl önce psa 8mg çıktı sonra antibiyotik kuklandı 3mg düştü şu anda psa ölçüldü 9mg çıktı hiç bişey kullanmadan 14 gün sonra başka hastanede ölçüm yapıldı6,75mg çıktı doktor biyopsi öneriyor sizin görüşünüz nedir hocam bilgilendirirseniz seviniriz. şu anda cipros 500mg kullanıyor",Hülya Hanım Merhaba. PSA sadece kanser varlığında yükselmez. Prostat enfeksiyonları da PSA değerini yükselten nedenler arasındadır. Antibiyotik kanseri tedavi etmeyeceği için tedavi sonrası PSA değerinin normal sınırlara gerilemesi yükselmenin enfeksiyonda. Kaynaklandığına işaret eder. Yeniden 6 haftalık bir antibiyotik tedavisi uygulanıp PSA y niden ölçülebilir. Eğer yine yüksek çıkar ise biyopsi yapılması uygun olur. İyi çalışmalar.,"Merhaba, bu sorunuz hakkında bazı önemli noktaları belirtmek istiyorum:

1. Psoriasis (Ps)病情の改善はまだ見られていません。医師がバイオプシーを勧めているのは、この状況を改善するためです。

2. 調整された治療法が必要かもしれません。薬剤や用量を変更したり、他の薬を使用したりすることも考えられます。

3. 治療の継続と定期的な検査は重要です。医師との連絡を取り、最新の状態を共有することが大切です。

4. 現在の症状に加えて、他の健康問題がある可能性もあります。これらの問題についても医師と話し合うことが重要です。

5. チックロサイド（ciprost）は一般的な",Bilgi vermek için sizi muayene etmem gerekir.
61,genel-cerrahi,"Merhaba dr bey annem bir haft önce göbek fıtığı amlyt oldu. fıtık büyüktü ve coumadin kullanıyor.her gün aynı saatte dreni boşaltıyoruz hep 250 ml,hiç azalma olmadı. Normalde iki gün önce 25ml e düşecek ve aldıracaksınız demişti dr bey. Fakat hiç azalmadı ayrıca bugün rengi açıldı derken koyu kan gelmeye başladı. Amlyatı gerçekleştiren hekimden yeterli cevap alamadım. Size danışmak istedim. Dren miktarının azalmaması renginin koyulaşmadı ne demektir? Bundan sonda nasıl bir yol izlemeliyiz? Coumadin ile ilgili midir, kesmemiz gerekir mi ? Kan gelmesi devam ederse ne yapmamız gerekir? Teşekkür ederim iyi çalışmalar diliyorum","Sayın Neslihan Hanım; Yapılan ameliyat, ameliyatta uygulanan yöntem ve ameliyatın boyutlarını bilmeden sorduğunuz sorulara cevap verebilmek mümkün değil. Ancak coumadin kullanımı kanama problemlerine yol açabilir, bu ilacı kullanma nedeniniz önemli. O yüzden doktorunuza danışmadan kesmenizi önermem. saygılarımla","Merhaba! Bu sorunun çözümünü tam olarak anlamak için daha fazla bilgi gerekebilir. Ancak, birkaç önemli nokta özetleyebilirim:

1. Amlyatın durumu oldukça zor görünüyor. Koyulmuş kanlar, hem amlyatın hem de diğer hastaların sağlık açısından büyük zararlar olabilir.

2. Coumadin kullanımı, amlyatın hem amlyatın hem de diğer hastaların sağlık açısından büyük zararlar olabilir.

3. Rengin koyulması, kanın normal bir şekilde çalışmasını engellemektedir. Bu durumda kanın normal bir şekilde çalışmasını sağlama konusunda bazı kararlar alınmalıdır.

4. Eğer kanın normal bir şekilde çalışmayı sağlayamazsa, kanın normal bir şekilde çalış","Merhaba, Annenize yapılan tetkiklerin sonuçlarını bana göndermenizi öneririm."
62,genel-cerrahi,Kardeşimin karaciğerinde doğuştan olduğu düşünülen lekeler var.Ama son check-up da bu lekelerin büyüdüğü söylendi.Özellikle bir tanesi çok büyük olduğu için 1 yıllık takip sonrası ameliyat olması gerektiği söylendi.İlaç tedavisi de yokmuş.Bunların bir nevi kanser olduğu ama yapılan kanser testleri sonucu kötü huylu olmadıkları söylendi.Kanser sözünü duymak tabiiki çok canımızı sıktı.Konu ile ilgili yorumlarınızı alabilirmiyim? Şimdiden çok teşekkür ediyorum.,Verdiğiniz bilgilerde net bir teşhis olmadığı için yorum yapmam isabetli olmaz. Ama sanki bir hemanjiom teşhis edilmiş gibi anladım. Eğer öyle ise 10 cm'i geçip diğer organları sıkıştırmadıkça ameliyat etmeyiz.,"Bu durumda, karaciğerindeki lekelerin büyümesi ve kanser olabileceğini düşünmek, oldukça zor bir konudur. Ancak, yapılan testlerin kötü huylu olmadığını ve kanser olmamasını belirttiğinden, onları kontrol etmek ve düzenli olarak doktorlara bağlı olarak incelemek önemlidir. Bu durumda, her zaman hemen doktorlara başvurmanız ve düzenli check-ups yapmanız gerekebilir. Ayrıca, sağlıklı yaşam stratejilerini uygulamanız ve sağlıklı bir hayat sürmenizi öneririm. Bu, kanser riskinizin azaltılmasına yardımcı olabilir.",Kardeşinizin hastalığının nedeni karaciğerdeki lekeyi bilmek lazım. Leke büyümesi kanser olabilir. Ancak kanser olmaması da mümkün. Bu durumda tedavi planlanır.
63,uroloji,8. Ayda Anti hiv antikor yalancı Negatiflik vrm ihtimali .?,Normal bir kişide negatif olma ihtimali yoktur. Sonucunuz temiz.,"Bu sorunun doğru cevabı:

""Anti-HIV antikor yalancı negatiflik için riskin %10-20 arasında olabilir.""

Bu cevap, genel bir bilgi olarak verilmiştir ve HIV/AIDS durumunda normal bir sonuçtır. Ancak, bu riski belirleyen faktörler, sağlık sağlığı sistemindeki diğer faktörlere bağlıdır. Eğer daha detaylı bilgi veya özel durumu hakkında isterseniz, profesyonel tıbbi personelinize başvurmanız önerilir.",Evet
64,genel-cerrahi,40 yaşımdayım zaman zaman göbeğimde sarı kalıntılar oluyordu temizliyordum çok seyrek olarak geçen gün göbeğimde kurumuş kan gördüm çok panik oldum cevabınız için şimdiden teşekkür ederim,Panik olacak bir durum olduğunu sanmıyorum. Göbek deliğinin dar olduğu ve yeterince temizlenmediği durumlarda göbekte enfeksiyon olabilir. Göbek içinde birikenler bu enfeksiyona yol açar. Göbek deliğinizi düzenli temizleyiniz. Gerekirse bir doktordan yardım alınız.,"İşte cevap:

Bu durumda, senin göbelerindeki sarı kalıntıların ve kanın görünmesi sadece bir hastalığa yol açabilir. Bu durum, genellikle bakteriler veya diğer mikroorganizmalar tarafından oluşmuş olabilirler.

Bu durumun nasıl çözüleceği hakkında bazı öneriler:

1. Hastanenizin hastanelerine başvurunuz.
2. Doktorunuzla görüşünüz.
3. Eğer kanın yoğunluğunuza dikkat ettiyseniz, hastaneye gidebilirsiniz.
4. Senin hastalığınızı anlatabilecek bir doktora başvurmanızı öneririm.

Bu durum, normal bir hastalığa değil, bir zorunluluk",Göbekteki kanlı kılıntılar genellikle kanlanma veya kanlı sıvıdan kaynaklanır. Bu durumlarda kanlanma sırasında kanlı sıvının göbekten kaçması ve kanlanmanın devam etmesi ile kanlı kılıntı oluşur. Kanlı sıvı kanlanmaya neden olabilir. Kanlı sıvının kanlanmadığı zaman da kanlı kılıntı oluşabilir. Kanlı sıvının kanlanmadığını düşünürken kanlı kılıntıların oluşmasını engelleyen ilaçlar kullanmak gerekir. Kanlı kılıntıların tamamen geçmesi için tedaviye ihtiyaç vardır.
65,kulak-burun-bogaz-hastaliklari,"Merhabalar hocam, 3 ay önce tükürükle birlikte ağzım dan kan gelmişti. Bugün aynı şekilde ağzımdan tükürükle birlikte iki üç defa kan geldi. Hocam öksürük, mide bulantısı, karın ağrım yok sadece geceleri boğazımda yanma ve gıcıklanmayla birlikte midemde yanma oluyor ayrıca 3 aya yakın dişim de ağrısız apse var. Hocam bu neden kaynaklanmaktadır? korkulacak bir şey var mı?","Öncelikle geçmiş olsun, az miktarda kan gelmesi özellikle tükürükle birlikte olunca çok önemli sayılmaz, diş erlerimizi kontrol edin, bazen de Burundan kaynak olabilir","İşte cevap:

Bu durumda, hoca, öksürük, mide bulantısı, karın ağrımı ve boğazdan yanma等症状i, genel olarak bir hastalığın belirgin bir yönüdür. Bu durum, bazı hastalıkların bir parçasıdır.

Özellikle, ""gibi"" kanlı çıkışı, özellikle de yaşlılar veya onaylı hastalıklara (örneğin, kanser) bağlıdır. Ancak, bu durumun tüm hastalıkların bir parçası olduğu anlamına gelmez. 

Bu durumu kontrol etmek için, hocalarınızın destek almanız gerekebilir. Hastaneniz için doktorluk, hastanelerinize başvurmanız önerilir. Ayrıca, sağlık",Bir dahiliye hekimine muayene olmanızı öneririm.
66,genel-cerrahi,iyi günler hocam 9 yaşında kist hidatik ameliyatı oldum ve karaciğer sol lob segment 2 ve 3 yok.şimdi 23 yaşındayım sağlık problemim yok .askerden yedek subay adayı olarak muaf olurmuyum.,Bu konuda net karar verebilmek için ameliyat raporlarınız ile birlikte bir askeri hastaneye müracaat etmeniz gerekmektedir. Orada yapılacak tetkikler ve sizin raporlarınızın değerlendirilmesi sonucunda bu konudaki yönetmeliklerde incelenerek karar verilir.,"İşte doğru ve güvenli bir cevap:

""Üzgünüm, ancak bu durumu anlayabilmem için daha fazla bilgi gerekiyor. Hidatik ameliyatı tamamen kontrol edilebilir ama bazı durumlarda sonuçlar değişebilir. Karaciğer segmentleri hakkında detaylı bilgiler verdiğinizde, profesyonel tedavi kurulumuna ihtiyacımız olabilir. Asistanınızın sağlığınızı korumak için en iyisini yapmak için size yardımcı olabilirim.""","Merhaba, Askerlikten yedek subay olarak görev alabilirsiniz."
67,fiziksel-tip-ve-rehabilitasyon,"rapor bu c5-6 c6-7 diskleri santral protrüzyon göstermekte olup anterior epidural mesafede silinme mevcuttur.Servikal vertebra korpus yükseklikleri ve nöral arkus elemanları normaldir.servikal intervertebral disk yükseklikleri ve intensiteleri normal olarak değerlendirilmiştir. servikal spinal kord intensitesi ve genişliği , kraniovertebral bileşke normaldir.servikal spinal kanal ön çapı ve nöral foramenler normaldir YORUM:C5-6 ve C6-7 santral protrüzyon,anterior epidural mesafedede silinme.",MR raporunda ciddi bir bozukluk yok. Şikayetiniz nedir ?,"Raporun belirtilen durumlar doğrulardır:

1. Servikal vertebra korpus yükseklikleri ve nöral arkus elemanları normaldir.

2. Servikal intervertebral disk yükseklikleri ve intensiteleri normal olarak değerlendirilmiştir.

3. Servikal spinal kord intensitesi ve genişliği, kraniovertebral bileşke normaldir.

4. Servikal spinal kanal ön çapı ve nöral foramenler normaldir.

Bu durumların sağlanması, patientin fiziksel durumu ve onun sağlık açısından güvenilir bir duruma sahip olduğunu göstermektedir. Ancak, tüm durumların tamamı ve tüm patientin sağlığı durumunu anlamak için daha fazla bilgi ve analiz gereklidir.","Merhaba, Öncelikle geçmiş olsun! Bu raporda önemli olan; C5-6 ve C6-7 seviyelerindeki disklerde hafif derecede daralma var. Ancak bu durumda ameliyat gerekmez. Muayene bulgularınız ile birlikte değerlendirilmesi daha uygun olacaktır. İyi çalışmalar..."
68,kardiyoloji,"KOAGULASYON SONUÇLARI PT 24,6 sn 12 - 16 INR 1,86 APTT 38,0 sn 25 - 40 COUMADİN KULLANAN HASTA SON 3 GÜNDÜR BU SONUÇLAR HK BİLGİ VERİRSENİZ MEMNUN OLRUM","Bu sonuçlara göre coumadin dozu yetersiz görünüyor. Ancak mutlaka takip eden doktora danışın. Sanal ortamda ancak genel bilgi verebilirim. Geçmiş olsun, Prof. Dr. Ali Serdar Fak, www.vivasaglik.com","Bu sorunun doğru ve güvenli bir cevabı şu şekildedir:

HK (Hemoglobin) bilgilerini vermek için hastanızın hemoglobin düzeylerini ölçmelidir. Hemoglobin testi, hemoglobinın normal değerleri arasında olup olmadığını belirlemek için kullanılır.

Örneğin, hemoglobinın normal değerleri arasında olan bir değer olarak 12-16 INR (International Normalized Ratio) olarak verilmiştir. Bu değer, hemoglobinın normal düzeyine yakındır.

Sonuçlar, hemoglobinın normal düzeyinde olduğu için hemoglobin testi sonuçları memnuniyetle karşılanabilir. Eğer hemoglobinın normal düzeyde değilse, daha fazla hemoglobin testi veya başka bir hücresel hastalığa dikkat etmen gerekebilir",Öncelikle geçmiş olsun. Bu değerler normal sınırlarda. Bunlar hastalığınızdan kaynaklanmaz. İleri tetkikler yapılabilir. Geçmiş olsun.
69,uroloji,Hocam merhaba bi sorum olacaktı ama cevabını hicbiryerde bulamadim hocam ben büyük abdestimi yaparken idrarimvarsa veya yoksa da büyük abdesti yaparken bir kaç damla idrar geliyor yani fazla değil bu normaldimir başka bi sıkıntı yok fazla idrar gibi bi durum yok lütfen ce,"Normaldir, endişe etmeyin","İşte cevabı:

Hocam, abdestinizi yaparken idrara ihtiyacınız olduğunu düşünmüştüm. Bu durum genellikle abdestinizin tamamlanması için olabilir. Ancak, çok fazla idrara ya da idrara çok fazla almak, bazı sağlık sorunlarına yol açabilir.

Öncelikle, abdestinizi tamamlamak için gereken idraların sayısını öğrenmek önemlidir. Örneğin, 10-20 damla idrara (ayrıca 50-100 ml) genellikle abdestinizi tamamlar. 

Bu kadar idrara alırken, abdestinizi tamamlamak için gereken diğer faktörler de göz önünde bulundurulmalıdır",Normaldir.
70,ortopedi-ve-travmatoloji,"Merhabalar hocam. 30 yaşındayım. Askerlik dönemimde buz üzerinde kayıp kalçam üzerine düştüm ve belimde ağrılarım başladı. Daha sonra bir trafik kazası sonucunda bu ağrılarım daha da şiddetlendi. Kaza geçirmemin üzerinden 8 yıl geçti. Ve maalesef ki daha 1 hafta önce ortopedi ye gözüktüm. Doktorumun dediği üzre bel fıtığım yokmuş filmlerde. Kendisi kan tahlili istemişti. Ve Ürik asit seviyesi ""10.1"" çıktı. Ben et tüketimi çok az olan bir insanım. 1.70 boyunda 53 kiloyum. Ailemden kimsede ""gut yok"". Benim asıl sıkıntım kendimi 70 yaşında gibi hissediyorum çok ağrım oluyor. Hocamızın söylediğine göre GUT hastasıymışım. Bana 2 ilaç verdi Colchicum -Dispert ve Voltaren SR 75. Şu anda bu ilaçları kullanıyorum ve çok rahatım. Fakat ilaç vakti geçer geçmez tekrar kabuslarım başlıyor. 10 ay önce de Pnömotoraks yüzünden operasyon geçirdim. Şimdi de bu hastalık... Ne yapmam gerekiyor hocam, sizce durum ne kadar ciddidir? Bu çıkan değer yaşıma oranla çok mu yüksek?",Gut atak yapan bir hastalıktır ve şu an tedavisini alıyorsunuz. Ürik asit seviyesi normale dönünce sadece proteinden fakir diyet yapmanız yeterli olabilir. Tekrarlarsa yine tedavi almanız gerekir. O kadar moral bozacak bir hastalık değil. Geçmiş olsun.,"Merhaba! Size yardımcı olmak için size birkaç öneride bulunacağım:

1. İletişim: Doktora yeniden incelemesi gerekecek. Bazı hastalıkların nedeni farklı olabilir.

2. Diet: Yemeklerinizi kontrol edin. Genellikle su içme, enjekte veya yemeklerini azaltmanızı önerilir.

3. Yoga ve Dinlenme: Bu teknikler genellikle stress ve agresif hava senaryolarını azaltır.

4. Fitness: Sağlıklı yaşam tarzınızı sürdürüyorsanız, vücudunuzu iyileştirir.

5. Zihinsel Danışmanlık: Hastalığınız hakkında bilgi sahibi kişiyi arayabilirsiniz.

6",GÜT hastalığı için 6-9 ayda tedavi edilmesi gerekir.
71,beyin-ve-sinir-cerrahisi,Bu soruyu eşim adına soruyorum. Belimin sol tarafından başlayıp sol bacağımın arka tarafından dizime kadar bir çizgi halinde ve dizden aşağısı ayak parmaklarına kadar tümden bir ağrım var. Bunun üzerine son 5 gün öncesi sol ayak bileğimda 2 taraflı (dış tarafında) şişme (su varmış gibi bir şişlik) var. Acılı ve ağrılı bir yanma var. Özellikle bu şişlikler neden kaynaklanabilir ve doktora gitmek istersek hangi bölüme gitmeliyiz. Acilen bir cevap verebilirseniz çok memnun oluruz. Yaşım : 35 Izmir,"İlk fırsatta yeni bir bel MR&#39ı çektirin, sonuçları bana yollayın veya bizzat getirin, sonra ayrıntıları görüşelim.","Bu durum, genel olarak bir yanma veya yanma hastalığına işaret eder. Ancak, belki de daha spesifik bir yanma veya yanma hastalığının belirtildiği için, doktorunizi yönlendirmek için belirli bir bölgeye gidecek miydi? Eğer yanma hastalığına işaret ettiyseniz, genellikle yanma hastalarına özel bir yanma hastanesi veya yanma hastane分局ine gidin. Eğer yanma hastalığına işaret etmediyseniz, genellikle yanma hastalarına özel bir yanma hastanesi veya yanma hastane分局ine gidin. Ancak, bu konuda en iyi bilgi sahibi olan profesyonel bir tıbbi asistanınız olmalıdır. Dok",Beyin cerrahisi bölümüne başvurmanız uygun olur.
72,uroloji,Merhabalar hocam 17 yaşındayım ve ereksiyon halinde iken penisimin gövdesini tutunca penis başı büyüyor ve kenarları hafif çatlak gibi yara oluyor başını sıkınca düzeliyor bırakınca tekrar şişiyor. Sizce bu neden kaynaklanıyor olabilir ? şimdiden teşekkürler,Çok sıkı tutmayın,"Merhaba! Bu durumda, erkeklerin penisinin gövdesini tutarken başını sıkma, onun için oldukça zordur. Bu durum genellikle penisin sağlığına zarar verebilir. Ancak, bu durumu kontrol etmek için profesyonel bir tedavi kuralları ve tedavileri gerektirir. 

Bu durumun neden olduğu bazı yaygın olanlar arasında:

- Penis sağlığının eksikliği veya defektleri
- Peynirin sağlığını bozukluğu
- Peynirenin normal hareketi bozukluğu

Bu durumları kontrol etmek ve tedavi edebilmek için profesyonel tedavi kuralları ve tedavileri önerilir. Ayrıca, özel bir doktor veya erkeğin erkekliğ",Bir üroloji uzmanına muayene olmanızı öneririm.
73,kalp-damar-cerrahisi,SAYIN HOCAM MERHABA.ADIM CELALETTIN ELİBÜYÜK. BENIM SOL BACAĞIMDA SUREKLI YANMA ELEKTRIKLENME VE KARINCALANMA OLUYOR.4 DEFA AMELİYAT OLDUM.ROBOTIK KALP DAMAR ACMA AMELIYATI DUYDUM FAYDASINI GOREBILIRMIYIM.YUZDE 54 ENGELLIYIM.SEKER HAST.VAR.TAVSIYENIZ NELERDIR.TESEKKURLER.,"Celalettin bey, randevu alın, elinizdeki anjiyo CD leri de getirin lütfen, bir bakalım ne yapacağımıza, robotik damar ameliyatı yapılmıyor Türkiye şartlarında, çok geçmiş olsun.","Merhaba, amadım. Bu durumda engel sayısı 54'dir ve robotik kalp damar acma ameliyatını duyduğunuzda faydalanabilirsiniz. Ancak, sağlık sorunları hakkında bilgi vermek için profesyonel bir doktor'a başvurmanız önerilir. Ayrıca, sağlık hizmetlerine ulaşmak için numaramızı veya web sitesini ziyaret etmenizi öneririm. Teşekkür ederim!","Merhaba, öncelikle geçmiş olsun. Ameliyat olmanız gerekiyor. Saygılarımla"
74,beyin-ve-sinir-cerrahisi,"Merhaba Ali bey, Umarım iyisinizdir? Ben pek iyi değilimi. Sebebine gelince. 10-12 yıldır Bel fıtığı rahatsızlığı çekiyorum. Bunca yıldır görmediğim tedavi kalmamıştır. En son Geçtiğimiz Cuma Izmit Romatem hastanesinde Doktora gittim ve MR cektirdim. Şiddetli ağrılarım başlamıştı. Sırtımın sol orta seviyesinde spazm oluştu ve beni ağlatacak seviyede acıyordu. MR sonucum bu şekilde: L4-5 düzeyinde diskte dehidratasyona bağlı sinyal kaybı, diffüz bulging, santral disk herniasyonu, dural saka bası, nöral foramenlerde daralma ve L5-S1 düzeyinde diskte dehidratasyona bağlı sinyal kaybı, diffüz bulging, sol mediolateral proztrüzyon, sol S1 sinir köküne minimal bası, nöral foramenlerde daralma. L1, L2 ve L3 de ise düzeyinde dehidrasyona bağlı sinyal kaybı yazıyor. Bu MR'a göre yorumunuz ne olur efendim. Cevabınızı bekliyor olacağım. Kolay gelsin. Saygılar Mert",Muayene bulgularınız da önemlidir. Beyin ve Sinir cerrahisinde muayene olmanızı öneririz.,"Merhaba Mert! Size yardımcı olmak için buradayım. Belki de belirttiğiniz gibi, youraMRI sonuçları ile ilgili bazı sorularınız var mı?

MR sonuçlarınızın genel bir bakış:
- Diskte dehidratasyona bağlı sinyal kaybı (L4-5)
- Diffuz bulging (L4-5)
- Santral disk herniasyonu (L4-5)
- Dural saka bası (L4-5)
- Nöral foramenlerde daralma (L4-5)
- L5-S1 düzeyinde diskte dehidratasyona bağlı sinyal kaybı (diffuz bulging)
- Sol mediolateral proztrüzyon (L4-5)
- Sol S1 sinir kökü","Merhaba, Öncelikle geçmiş olsun. MR raporunda bel fıtığınız var. Ancak muhtemelen ameliyatlık bir durumdur. Muayene bulgularınız ile değerlendirilmesi uygun olacaktır. Sağlıklı günler dileklerimle..."
75,beyin-ve-sinir-cerrahisi,ben 40 yaşında evli bayanım şikayetim yazdan beri süren sırt ağrısı ağrı sadece geceleri uykumun arasında yatakta dönerken oluyor fizik tedavi uzmanı kulunç dedi kas gevşetici verdi ama fayda etmedi uyku düzenim çok bozuldu ne önerirsiniz teşekkürler iyi çalışmalar,Öncelikle fizik tedavi görmenizde yarar var. Eğer rahatlamazsanız bana gelebilirsiniz. Dr Aybars AKKOR 0-212- *** *** **,"İşte sizinle ilgili bazı öneriler:

1. Sırt ağrısını azaltmak için en iyisi dehşete düşmeyip, uygun bir uyku düzeni kurmanızdır.

2. Uyku düzeninizdeki herhangi bir değişiklik yapamazsanız, uyku düzenini bir uyku düzeni uzmanına veya doktoruna saklamak isterseniz, bu da uyku düzeninizin daha iyi olmasını sağlayacaktır.

3. Kas gevşetici ilaçları kullanmadan önce, uyku düzeninizinizi kontrol ederek uyku düzeni uzmanlarına başvurmanızı öneririm.

4. Sırt ağrısının neden olduğu bir hastalığa bağlı olarak, uzmanlar tarafından belirlenen bir tedaviden sorumluluğun",Beyin MR&#39;si çektirmenizi tavsiye ederim.
76,genel-cerrahi,"Merhaba Hocam, 28 yaşındayım, 1 i normal, 1 i sezeryan olmak üzere 2 doğum yaptım ve hamilelik ve sonrasında hemoroid problemi, kabızlık v.s. yaşamadım. Son günlerde kabız olmamama ve ağrılı dışkı yapmamama rağmen dışkımda bol miktarda kan görüyorum belki damarlarda bir çatlama olmuştur bilemiyorum, hiçbir ağrım, sancım, rahatsızlığım, şikayetim yok.. Sebebi ne olabilir? Kolonoskopi falan gerekir mi? Genel Cerrahi bu sorum için doğru alan mı emin değilim, beni bilgilendirir misiniz. Teşekkür ederim.",Genel cerrahi sorunuz ve sorununuz için doğru adres. Ama probleminiz soru cevap şeklinde çözülebilecek bir şey değil. Mutlaka bir genel cerrah tarafından muayene edilmeniz gerekli. İyi günler.,"Merhaba! Bu durumu anlamak için birkaç önemli nokta öne çıkaracağım:

1. Kanın dışkına nasıl bulaşabilmesi hakkında bilgiye sahip olduğunuz, çok önemlidir.

2. Kanın dışkına nasıl bulaşabilmesi, genellikle bir dizi faktör ile ilgili olan bir durumdur. Örneğin, kanın içine neden bir zarar gelmiş olup olmadığını anlamak, veya kanın içine neden bir zarar gelmiş olup olmadığını anlamak, veya kanın içine neden bir zarar gelmiş olup olmadığını anlamak, veya kanın içine neden bir zarar gelmiş olup olmadığını anlamak, veya kanın içine neden bir zarar gelmiş olup olmadığını anlamak, veya kan","Merhaba, kolonoskopiden sonra tedaviye başlanır. Geçmiş olsun."
77,fiziksel-tip-ve-rehabilitasyon,Merhaba Ayşegül Hnm anneme dizleri için protez takmaktan başka çare olmadığı söylendi bu durumda kök hücre tedavisi yapılabilir mi?,Merhaba Annenizi mümkünse tetkikleri ile beraber muayene edersem bu yanıtı verebilirim.,"Merhaba Ayşegül! Dizler için protez takma çaresi olmayabilir, ancak kök hücre tedavisi yapmanız gerekebilir. Bu durumda doktorunuzla görüşmenizi öneririm.",Bir cerrahi muayene ile karar verilir.
78,ortopedi-ve-travmatoloji,slm emar çektim diz için sonuç synovialefüzyon ve prepatellar yumuşak dokuda hafif ödem çıktı çömelemiyorum sabit durduğumda aşırı ağrı oluyor dizlik önerdi bişey yok diyor ağrısı çok tşk,"sedat bey dizlik, istirahat ve ilaç tedavisi yeterli olacaktır","İşte cevabım:

1. Synovial füzyonunuz var. Bu, dizi aralığında synovial (yemek) dolgusu oluşmasıdır. Bu durum, dizi boyunca yürüyen yemeklerin sıkıştığı bir durumdur.

2. Prepatellar yumuşak dokudaki hafif ödem, dizi boyunca yürüyen yemeklerin sıkıştırılması sonucu oluşabilecek bir durumdur.

3. Dizinin sabit olduğu durumunda, aşırı ağrı duymanız mümkün olabilir. Ancak, bu durum genellikle dizi boyunca yürüyen yemeklerin sıkıştırılması nedeniyle ortaya çıkıyor.

4. Ağrı çok tşk",Dizinizdeki sorunun tedavisi için muayene edilmesi gerekir.
79,uroloji,Hocam merhabalar ben 22 yaşındayım Herhangi bir kronik rahatsızlığım yok . Her ay ilk gün ağrılı regl görüyorum ve bir adet dolerex yada dicloflam içiyorum . Yaklaştık bu 3-4 senedir . Sadece ayda bir içiyorum . İnternette böbreklere zarar verdiği yazıyordu bu kadar kısa sürede böbrek yetmezliği yapar mı ? Eylül de idrar tahlili verdim tüm değerlerim kan vs normal çıktı lökosit +- yazıyordu onu anlamadım normal mi ? Bide yaklaşık 4 senedir de 10 mg citoles kullanıyorum anksiyetem olduğu için bu içtiklerim böbreklerime zarar verir mi ? Bir kaç gündür böbreklerim ağrıyor gibi ama böyle sürekli süren Ağrı değil bir kaç saniye yada bir dakika falan sonra geçiyor neden olabilir? daha yeni tahlil yaptırdım bir şey olsa çıkmaz mıydı ? Hepsine tek tel cevap verirseniz çok mutlu olurum,Devamlı almazsanız zararı olmaz. Kas ağrısı olabilir. Geçmezse bir üroloji uzmanına muayene olmanız gerekir,"İşte kısa ve doğru cevap:

Böbrek yetmezliği, genellikle bir dizi faktörle başlar. Bu faktörler arasında:

1. Genel sağlık durumu
2. İç içe geçen ilaçların etkisi
3. Anksiyete veya stress

Bu durumları kontrol etmek için:

1. Daha fazla araştırma yapmak (internette araştırabilirsiniz)
2. İletişim kurarak doktorla görüşmek
3. Sağlık hizmetleriyle iletişime geçmek

Dolérex ve Dicloflam, her ikisi de böbrek yetmezliği riskini artırmakta olabilir. Ancak bu ilaçlar genellikle biraz agresif olabilirler.

Anksiyet ve iç içe geçen ilaç",Böbrek yetmezliği olmaz. İdrarda ödem varsa ilaç tedavisi ile düzelir. Ancak ödemin kaynağına bakmak gerekir.
80,beyin-ve-sinir-cerrahisi,"Harewketli iki yönlü filmde bel kayması tespit edilip, ameliyat önerildi. Ama isteğimize bırakıldı.Bacaklarda güç kaybı yok.Ağrı 4 aydır sürüyor.Belde sağ bacakta,sağ topukta belirgin ve şiddetli. Bir aydır fizik tedavicini verdiği 6-7 çeşit egzersiz lerden yapıyorım.Nispeten rahatladım.Acaba bel kayması için önerilen ve mahzurlu bulunan eksersizleri öğrenme imkanımız var mı? Ameliyatsız tedaviye ulaşma ihtimalimiz ne kadar olabilir. Saygılar efendim.","Size antaljik trak ve kryoprakti uygulayabiliriz. Ayrıntılı bilgi için www.akkorsaglik.com adresine girebilir, veya aşağıdaki telefonlardan Aynur Hanımı arayabilirsiniz. Dr Aybars AKKOR *** *** ** / *** *** **","İşte belki de bel kaymaların nedenlerine ve tedavilerinin bazılarını anlatmak için birkaç öneri:

1. Bel kaymasının en yaygın nedeni, genellikle bir yere düşmesidir. Bu durumda, bel kaymaların çoğu, belin üstünde veya altındayken gerçekleşir.

2. Bel kaymasının diğer nedenleri arasında, genetik faktörler, hastalıklar (örneğin, diabetes), sağlık sorunları gibi çeşitli faktörler bulunur.

3. Bel kaymasının tedavisinde, genellikle bir doktor tarafından yapılmıştır. Ancak, bel kaymaların belirgin ve şiddetli olduğu durumlarda, tedaviyi daha hızlı bir şekilde gerçekleştirmek için özel bir plan oluşturmanız",Bence ameliyat olmanız gerekir. Muayene etmeden ve tetkiklerinizi görmeden yorum yapmak yanlış olur.
81,kardiyoloji,hocam merhaba tekrar benım 5400 adet ves çıktı demiştim holterde.bıraz fazla demişsiniz.ben eko da yaptırdım.ekom normal çıktı doktor ilaca gerek yok dedı.şimdi ne dıyorsunuz 5400 adet ves .için.tehlkesı varmı hocam ve bazen akşamları peşpeşe 10 kez teklıyor kalbım sankı bi tekleme bı tık bi tekleme bı tık şeklınde ardarda.değerlı yorumunuza ihtiyacım var hocam.bu sayıdan dolayı kalbıme zarar gelirmi,"Ekonuz normalse, daha fazla endişe etmeyin. Bu atımları azaltıp sizi rahatlatacak ilaçlar var ancak, kullanmak her zaman gerekmez. Endişe etmezseniz şikayetiniz zamanla azalacaktır. Geçmiş olsun.","İşte doğru ve güvenli bir cevap:

""Merhaba! Sizin için çok önemli bir soru. Bazı durumlarda, çok fazla vücutluksuzluk veya hastalığa yol açabilir. Ancak, bu durumla ilgili bilgiye ulaşmak için doktora başvurmanız gerekebilir. Holter deizi hakkında daha fazla bilgi edinebilir miyim? Eğer isterseniz, doktora ile görüşmeniz önerilir.""

Bu cevabınız, onların endişesini anlamaya çalışırken, doktora ile görüşmek için önerisi verirken, aynı zamanda onları rahatsız etmediğinden emin olmak için yardımcı olmayı hedefliyor.",Bir sorun olmaz. Ancak 5400 adet ves kullanmak için tedaviye başvurmanız gerekiyor.
82,dahiliye-ve-ic-hastaliklari,"karaciger oldugu yerde agrı var.omurilik civarlarına mide arkasına ve sırtıma vuruyor.batmalı yanmalı şekilde bazen şişkinlik vererek agrılarım var.karacigerde büyüme var dedi ddoktor.kolestrol tansiyon şeker triod ne varsa ultronlar beraber yaptırdım.agrılar bazen artıyor bazen hiç yok çok rahatsız eden bir agrı degil ama oturunca yapıyor genelde.3 defa dahiliye gittim KAN İDRAR değer dışı çıkanlar MPV :12.6 fL (8.0 &#8211; 12.0) WBC :11,*** *** ** - *** *** **) EO% :0.6 (1-4) PDW :17.6 (9-17) Albümin:5",İç hastalıkları ile ilgili bir sorun bulunmadığına göre kas-iskelet sistemine ait ağrılar olabilir. Fizik tedavi uzmanına başvurunuz.,"Bu soruya yardımcı olmak için, bu bilgilerin karacigeri ve agrinin neden olduğu bazı önemli noktaları belirlemek istiyorum:

1. Karacigerindeki agrı, genellikle hemoglobin (hemoglobin) oranının düşmesini veya hemoglobinın daha az olması durumunda ortaya çıkar.

2. Hemoglobin oranının düşmesi, hemoglobinın daha az olması veya hemoglobinın normal düzeyden düşük olması durumunda ortaya çıkar.

3. Hemoglobin oranının düşmesi, hemoglobinın normal düzeyden düşük olması veya hemoglobinın daha az olması durumunda ortaya çıkar.

4. Hemoglobin oranının düşmesi, hemoglobinın normal düzeyden düşük olması veya hemoglobinın daha az olması durumunda ortaya çıkar.

5. Hemoglobin oranının düşmes","Bir hastalığınız yok. Karaciğerlerinizdeki büyüme, kolesterol yüksekliği, şeker ve trigliserit açısından önemlidir. Bu nedenle mutlaka tedavi olmanız gerekecek. Geçmiş olsun."
83,beyin-ve-sinir-cerrahisi,merhabalar.. Hocam benim size sormak istediğim soru yaklaşik 1.5 aydir gözlerim sanki boş boş bakiyor sanki beynim hiç çalışmıyor gibi hissediyorum belli bi amacım yokmuş gibi hissediorum bir yerebakerken.. nöroloji ye göründüm 4 çeşit kan testi eliza herbör rutin kan ve hemogram testi yapıldı 1 de eeg testine girdim tüm sonuçlar hgayet normal hiç bi aksaklık yok sizce ne yapmaliyim tomografide gereklimi yaşam kalitemi olumsuz etkliyor psikolojik olma ihtimali nedir birde sürekli pc başındayim..,psikiyatriye başvurun mutlaka,"Merhaba! Ben bir tıbbi asistanım, ama bu durumu tam olarak çözmek için daha fazla bilgi gerekecek. Ancak, şu anki durumunize dikkat ederim:

- Kan testleri (rutin kan, hemogram) ve EEG testinin sonuçları normal olduğu belirtildiği için, genellikle bir nöroloji doktoru ile görüşmek daha iyi olacaktır.
- Tomografi veya başka bir fiziki hizmeti önerilemez çünkü bu durum genellikle psikolojik olmayan bir durum olabilir.
- Sosyal yardım kuruluşları veya心理咨询çı ile iletişime geçebilirsiniz.

Bu durumda, en iyisini sağlayacak olan, onların yardımcı olabilecek bir kiş",Beyin MR'ı çektirmeniz uygun olur.
84,uroloji,hocam öncelikle iyi günler ben yaşım 34 bekarım 2006 yılında böbrek nakli oldum düzenli olarak cell cept certican kortizon kullanmaktayım böbrek fonksiyonlarımda normal düzeyde seyrediyor içki sigara kullanmıyorum. sormak istediğim benim dün yaşadığım olay psikolojimi bozdu normal zamanda cinsel birliktelik aklıma gelse ya da cinsel obje gördüğümde penisim sertleşirdi ama erken boşalırdım.bunun için dün yaşadığım ilişki öncesi cialis 20 mg aldım ve erken boşalma olmasın diye penisime geciktirici krem sürdüm ama maalesef partnerimle sağlıklı bir birliktelik yaşayamadım penisim de sertleşme olması zaman aldı ama çok kısa sürdü boşalma miktarı da çok az oldu.şu an bile hala penisim de sertleşme rahat olmuyor. daha önce ağustos ayında erken boşalma için gittiğimde doktorun yaptırdığı tahlilerde prolaktin ve testestoron hormonları da normal çıkmıştı.daha iki üç gün öncesine ilaç kullanmadan sertleşme de sıkıntı yaşamamıştım bu kadar kötü durumla ilk kez karşılaşıyorum.bu durum psikolojimi bozdu bu duruma acaba geciktirici krem mi neden oldu . muayene olmadan tabi ki bir şey söylemek zor ama bir ön bilgi verirseniz sevinirim hocam şimdiden teşekkür ederim,"Geciktirici krem kullanmayın. Bir süre sonra geçer, endişe etmeyin.","İşte cevap:

Bu durumu psikolojik bir sorumluluk getiren bir durumdur. Sertleşme problemleri genellikle stress, endişeler veya ilişkisel sorunlar neden olabilir.

Geciktirici krem kullanımı, özellikle erken boşalma sorunlarına yardımcı olabilir. Ancak, bu sorunlarda herhangi bir ilaç veya krem ile tamamen çözülemez. Psikoloji ve fiziki çözüm yollarını birlikte kullanmanızı öneririm.

Psikolojik counseling veya心理咨询 konusunda yardımcı olabilecek bir profesyonel kişiyi arayabilirsiniz. Ayrıca, ilişkisel durumlarınız hakkında konuşmak isterseniz, bu da ilişkiye yönelik bir心理咨询 konusundaki yardım sağlayabilir.

D","Böbrek nakli sonrası yapılan tüm tetkikler normal ise, psikolojik sorunlara bağlı olabilir. Ancak, psikiyatriste başvurmanızda fayda var."
85,beyin-ve-sinir-cerrahisi,"Merhaba hocam, Geçen sene babama 3ay içinde 2kez fıtık ameliyatı yapıldı aynı yerden.Aradan 10ay geçtikten sonra bu fıtık aynı yerden nüksetti.(Multipl seviyede disklerde dejeneratif T2 sinyal kaybı izlenmektedir.L1-2 düzeyinde diskte minimal bulging izlenmektedir.L2-3 düzeyinde diskte minimal bulging izlenmektedir.L3-4 düzeyinde diskte diffuz bulging izlenmektedir. L4-5 düzeyinde diskte sol parasantral inferior uzanımlı fokal herniasyon, dural kese, korda basısı izlenmektedir.L5-S1 düzeyinde diskte santral minimal fokal protrüzyon izlenmektedir.)Şimdi ise bize vida takılması gerektiği söyleniyor.Babamın yaşı 62 ve bu vidadan sonra olabileceklerden endişeliyiz.Size sorum 3.ameliyatta bu vidalama gerekli mi başka yolu var mı, nasıl bir yol izlemeliyiz? Teşekkür ederiz..",Merhabalar. Öncelikle geçmiş olsun. Hastanız iki kere bel fıtığı ameliyatı geçirmiş ise bir 3. ameliyat gerekiyor ise vida gerekebilir. Ancak hastanızı görüp muayene etmeden ve tetkiklerini incelemeden yorum yapmak doğru olmaz. Sizi görüp değerlendiren ve mümkünse daha önce de ameliyat etmiş olan meslektaşlarımıza danışmanızın en sağlıklı seçenek olacağı kanaatindeyim. Şifa dileklerimle.,"Bu durumda, babanın vada riski oldukça yüksek. Ancak, herhangi bir eylem veya tedavi için bir doktorun kontrolünü almanız gerekmektedir. Bu durumda, babanın vada riskini azaltmak için:

1. İletişim kurarak profesyonel bir tedaviden sorulması önemlidir.

2. Bazı tedaviler, özellikle hemoroidlar gibi vada risklere dayanıklı olabilir.

3. Bazı tedaviler, özellikle hemoroidlar gibi vada risklere dayanıklı olabilir.

4. Bazı tedaviler, özellikle hemoroidlar gibi vada risklere dayanıklı olabilir.

5. Bazı tedaviler, özellikle hemoroidlar gibi vada risklere dayanıklı ol",Beyin cerrahisi uzmanına başvurun.
86,beyin-ve-sinir-cerrahisi,Hocam bir saat önce kafamı buzdolabına carptım. Hafif acıyor dokununca hafif bir ağrı var ben panik birisiyim bişey olurmu acaba,"Olmaz, endişe etmeyin.","İşte cevap:

Hocam, senin durumunu anlamadım ama biraz panik olmak zorunda değil mi? Bu kadar acıda ve acıyı hissetmek çok tehlikeli. Kafamını buzdolabına çarpmadan önce daha dikkatli olmalısın. Daha sonra, buzdolabın içine girmekten kaçınmaya çalışın. Eğer acıya neden olan şey varsa, ona baktığında daha iyi olabilir. Ama genellikle bukinden sonra acıya neden olmayacak. Eğer acıya neden olan şey yoksa, buzdolabın içine girmekten kaçınmaya çalışın. Acıya neden olabileceklerinden bahsedebil",Bir süre sonra geçer.
87,beyin-ve-sinir-cerrahisi,"1- Sayın Hocam, 2 yıl önce belimde ve sağ bacağımdaki ağrıdan dolayı muayene oldum, MR raporumda; ""L3-4, L4-5, L5-S1 disklerinde dural keseyi anteriordan minimal indente eden diffüz anüler taşmalar, anterior epidural yağ mesafelerinde daralmalar, vertebra korpus köşelerinde osteodejeneratif değişiklikler izlenmektedir."" yazıyor. Herhangibir İlaç kullanmadım ve tedavi olmadım, şikayetlerim arttı, kalça kemiğim sızlıyor ve geçmeyen bir ağrı mevcut.Tekrar muayene olacağım. devamı --> Ş.I.","İlk fırsatta yeni bir bel MR&#39ı çektirin, sonuçları bana yollayın veya bizzat getirin, sonra ayrıntıları görüşelim. Dr Aybars AKKOR 0-212- *** *** ** Faks:*** *** **","İşte cevabınız:

Devamını tam olarak anlayamadım. Ancak, belirli bir tedaviden sonra daha fazla ağrı veya kalça kemiği sızması olduğunu belirttiyseniz, bu durumu doktorunuzla görüşmelisiniz. Eğer ağrı daha da artmış ya da kalça kemiği daha da sızmışsa, onları kontrol etmek için hastaneye geri dönmenizi öneririm. Ayrıca, tedaviyi değiştirmeniz gereken başka bir şey var mı?","Sayın Şükrü Bey, Öncelikle geçmiş olsun. Bu duruma göre ameliyatlık bir durum yok. Ancak şikayetlerinizi da tam olarak anlayabilmem için muayene etmem gerekiyor. Muayenede de ameliyatlık durum yoksa ameliyata gerek yoktur. İyi çalışmalar."
88,kardiyoloji,"Hocam merhaba ben 32 yaşındayın 110 kiloyum 4 yıldan beri hipetartansiyon hastasıyım. İlk doktora gittiğimde tansiyonum 17-11 civarındaydı. 1 haftalık takip sonunda exforce 10/160 kullanmaya başladım. Genetik tansiyon olduğunu söylediler. Tansiyonum *** *** ** civarında gezmeye başladı. Bir gün bir doktor arkadaşım bu hap sana çok ağır , böbreklerini bozabilir, yan etkile ryapabilir ileride dedi. ve norvacs 10 mg kullanmamı söyledi. Norvac kullanmaya başladım. tansiyonum 9 civarında seytermeye başladı. Sonra doktora gittim oda bana karvea 160 mg verdi. Katvea kullanırken tansiyonum zaman zaman 15-10, 14,9, 16,10 a kadar çıkmaya başladı. ayrıca nabız atışımda 100 den aşağıya hemen hemen düşmüyor. Bugün tekrar exforce 5-160 kullanmaya başladım. Benim merak ettiğim acaba bu exforce çok ağır bir hap mı.. böbreklerimi bozarmı.. lerde 60 yaşına gelince tansiyonumu kontrol etmek için çok dah aağır haplar mı kullanmam gerekir exforceye devam edersem.. teşekkürler","Hayır, özellikle ağır bir ilaç değil, ancak sizin bünyenize uygun olup olmadığını bilemem. Hangi kişiye hangi ilacın uygun olduğu hakkında sanal ortamda (hastayı muayene etmeden) yorum yapmak mümkün değil ve hukuken doğru da değil. Onlarca çeşit tansiyon ilacı var; herkesin bünyesine uygun olanı ancak muayene ve tetkikleri inceleyerek karar verebiliriz. Geçmiş olsun, Prof. Dr. Ali Serdar Fak, www.vivasaglik.com","İşte cevabınız:

Hocam, senin tansiyonunun gelişmesi ve kontrolü için exforce 5-160 hapı oldukça uygun görünüyor. Bu hap, genetik tansiyonunun yanı sıra diğer hastalıklara da yardımcı olabilir.

Norvacs 10 mg, özellikle böbreklerinizle ilişkilendirilmiş bir hap olarak kabul edilir. Ancak, senin tansiyonunun değişiklikleri ve norvacs kullanımıyla ilgili sorularınızı çözmek için daha fazla bilgi almak önemlidir.

Öncelikle, senin tansiyonunun sürekli olarak arttığını ve bazı saatlerde düşük olduğu durumunu göz önünde bulundurmalıyız. Bu durum, normal bir","Merhaba, öncelikle geçmiş olsun. Bu konuda bilgi veremeyen bir kişi ile görüşmenizi tavsiye ederm. Geçmiş olsun."
89,genel-cerrahi,"merhaba 43 yaşındayım,sırtımın yanında minik mandalina kadar lipomum vardı 2senedir acı yokdu şu andada lipomumum üstüne bastırınca ağrı yok ama kol butum aynı eski acılarım gibi,sanki lipom var ama hiçbir kitle yok görünürde .sorum ,,ben 117 kiloyum bu lipomu aldırsam lokal olabilirmi illaki narkozmu gerekiyor .şekerimde var .ameliyattan korkuyorum beni bu konuda aydınlatırmısınız birde hastaneye gidince hangi bölüme gitmeliyim daha önce fizikçi cerraha göndermişdi şimdi nereye gideyim teşekkür",lokal kolayca olur ve bir genel cerrah koalyca bunu gerçekleştirir geçmiş olsun,"Merhaba! Ben sizin için yardımcı olmak istiyorum. Lipomun bir tedavisi olabilir ancak herhangi bir tedaviyi yapmak için en iyisini seçmek için bir doktor'a başvurmanız gerekecek. Nekroz veya diğer ilaçlar kullanmak için de bir doktora başvurmanız önerilir. 

Fizikçi cerrahaları da önemli bir rol oynamaktadır. Eğer önceki cerrahalarınızda bir tedavi yapan bir cerrahı arıyorsanız, onları arayabilirsiniz.

Bu durumda, hastanenizin fizikcilere dair bilgileri paylaşmanız önemlidir. Hangi bölümden başlayacağınızı belirtmenizi öneririm. Eğer mümkünse, fizikcilerinizle",Lipom ameliyatında kendi kendine kalmaz. Ameliyat edilmesi için öncelikle muayene edilmeniz gerekecek. Lipomun büyüklüğünden ve yerinde ne olduğunu bilmek lazım.
90,genel-cerrahi,Doktor bey merhaba 1 ay once çift tarafli kapali kasik fitigi ameliyati oldum . Sag tarafimda problem yok lakin ama sol tarafimda agri var . Sol tarafimdan daha once acik ameliyat olmustum ve fitik tekrarladiginda baya agrim vardi . Su anki bahsettigim agrida sanki yeni ameliyatla alakali degilde acik ameliyatta koyulan parcayla alakali gibi ameliyat olmadan once olan agrimla ayni yerde . ayakta kalinca ve karnimi icine cekince aciyor . 1 ay gecmesine ragmen Bu normalmidir . Icerideki yaralar yeni oldugundanmidir . Özelliklede ayakta durdugumda yurudugumde oluyor . Ameliyat sonrasinda 2 kere kontrole gittim muayene sonucunda sorun yok iyisin dendi . İyi calismalar,1 ay sürmemesi lazımdı. Bir ultrason çektirin,"Doktor Bey, sizin durumu çok iyi görünüyor. Ayakta kalan ve karanlıkta durmadan önceki problemlerle ilgili bir şey mi oldu? Eğer böyle bir şey olursa, bu durum da normal bir yan etkisi olabilir. Ancak, her zaman bir doktora başvurmanızı öneririm. Bu durum hakkında daha fazla bilgi edinmek için de ona size yardımcı olabilirim. İyi günler!","Merhaba, öncelikle geçmiş olsun. Kırık ve kemiğin tamamını kaybetmişsiniz. Ama bu şikayetleriniz de kırığınızın tamamını kaybettirmişsiniz. Biraz daha beklemeniz lazım."
91,fiziksel-tip-ve-rehabilitasyon,"sayın hocam,benim 1 senedir fibromiyalji rahatsızlığım var.fibromiyalji&#39;nin bütün belirtilerini taşıyorum.yorgunluk,halsizlik,baş ve boyun ağrıları,denge kaybı,bir şeyler olacakmış hissi,ellerde ve ayaklarda karıncalanma oluyor fakat en şiddetlisi sol kürek kemiğimin arkasında olan ağrı çoğu zaman çekilmez oluyor,sağolsun doktor arkadaşlarım yardımcı oluyor ve anti deprasan ilaçlar veriyorlar,ama ben beynimde ilaç kullanmadan yenmek istiyorum.ne olur bana yardımcı olun ilaç kullanmadan bu hastalığı nasıl yenebilirim.",Kuru iğne tedavisi gerekebilir. Aşağıdakileri inceleyin: Makaleler: http://www.doktorsitesi.com/yazi/sirt-agrisi-sebepleri-/7622 http://www.doktorsitesi.com/yazi/fibromiyalji-ve-miyofasyal-agri-(-kas-romatizmalari-)/7180 http://www.doktorsitesi.com/yazi/kuru-igne-tedavisi-/7181 http://www.doktorsitesi.com/yazi/miyofasyal-agri-sendromundaki-(kas-romatizmasi)-sikayetlerin-ozellikleri/7196 Kas Romatizması : http://www.doktorsitesi.com/video/kas-romatizmasi-nedir-nasil-tedavi-edilir/1609 Kuru iğne tedavisi nedir ? http://www.doktorsitesi.com/video/kuru-igne-tedavisi-nedir/1610 TV*** *** ** Perşembe Günlük Hayat &#39;Kuru iğne ve Kas romatizması&#39;&#39; http://www.tv8.com.tr/v-*** *** **-gunluk-hayat-18-agustos-2011-persembe,"İşte Fibromyalgia hastalığınızı iyileştirmek için önerilen bazı yöntemler:

1. Dinlenme ve destek: Fibromyalgia, bir çok kişiye karşı bir zihinsel hastalığıdır. Bu durumda dinlenme ve destek önemlidir.

2. Yoga ve etkili fitness: Yoga ve fitness aktiviteleri genellikle Fibromyalgia hastalarına iyiける.

3. Yemek düzeni: Genellikle su içecekler ve yumurtalar gibi düşük kaloriyet yetenekli yemekler daha uygun olabilir.

4. İmalat: Anti-depressan ve antikokortizant ilaçlar gibi ilaçlar, Fibromyalgia hastalarına yardımcı olabilir.

5. Psikolojik terapi","Fibromiyalji tedavisi için, öncelikle psikiyatrik muayenenizi yapmak gerekir. Eğer şikayetleriniz psikolojikse, psikiyatriye başvurmanız uygun olacaktır. Eğer şikayetleriniz de psikolojik değilse, fibromiyalji tedavisine başlanabilirsiniz. Tedaviyi tamamladığınızda, şikayetleriniz geçecektir."
92,genel-cerrahi,16 yasindayim. Sol kasigimda fitik var. Kilom 110. Hangi sporlari yapmaliyim. Basketbolun sakincasi varmi. Ameliyat olmak icin kac kilo olmami uygun goruyorsunuz. Boyum 1.90. Tesekkur ederim,"Maşallah boylu poslusunuz. Fıtık ameliyatı için kilo sınırlaması yok. Boyunuza göre o kilonuzla ameliyat olabilirsiniz, zayıflarsanız daha da iyi olur. Karıniçi basıncını artıracak sporlardan kaçınmanız gerekir, ağır kaldırma, mekik çekme gibi. Yüzme her zaman iyi olur.","İşte cevaplar:

1. Basketbolu yapabilirsiniz. Fitikle basketbol oynarken sol kasımda daha fazla fitness sağlayacaktır.

2. Kilometre 110'ü en az 50 kg olmalıdır. Bu oranla basketbol yapmayı kolaylaştırır.

3. Ameliyat için en az 40-50 kg olmalıdır. Bu oranla ameliyat yapmayı kolaylaştırır.

4. Boyunuzu 1.90 cm olan birisiniz, bu nedenle normal boydursunuz. Ancak, sportlu kalitesini sağlamak için en az 50 kg olmanız gerekmektedir.

Bu bilgileri dikkate alarak, basketbol yapmayı seçebilir ve ameliyat yapmayı düşün",Baskı için de basketbol uygun değil. Ama kilo vermeniz gerekir.
93,ortopedi-ve-travmatoloji,iyi akşamlar annem 3 AY ÖNCE (banyoda temizlik yaparken ters bir hareket sonucunda) omzunda ağrı başladı.kolunu hareket ettirğinde ağrı oluyor hareket kısıtlılığı oluştu ((kolunu yukarı ve arkaya getiremiyor hareket kısıtlılığı var.omzuna deyince çok ağrıyor annemde kemik erimeside var 67 yaşında omuz ağrılarını araştırdığımda karşıma (kanserde akciğer tümöründe) omuz ağrısı olabilceğini söledi çok endişelendim gittiğimiz dr kas gevşetici ağrı kesici verdi kötü bişey olabilirmi SAYGILARIMLA,sayın karakaş. sebebi belli plan bir ağrıdan böyle bir sonuca ulaşmanız doğru değildir. hekiminizin verdiği tedaviyi kullanarak tedavi bittikten sonra şikayetlerinizin değişimine göre tekrar hekişminizle görüşünüz geçmiş olsun dileklerimle,"İşte doğru ve güvenli bir cevap:

""Annesiniz, bu durumda en iyisini yapmak için şu adımları takip edebilirsiniz:

1. Daha önceki ay bana kadar normal bir şekilde geçirdiğiniz aktiviteye devam et.
2. Bazen, kafasızlık veya yorgunluk nedeniyle, genellikle bacakları veya omuzları sıkıştırabilir. Bu durumda, omuzlarıza daha fazla vücut tutarak hareket etmelerine izin verin.
3. Eğer ağrıda kalır veya daha da azalmadığında doktoru arayın.

Bu durumlar genellikle genitallere ait bir rahatsızlık veya genitallerin dışına çıkan bir",Kas gevşetici ilaçlar kullanmakta fayda var. Bir süre sonra şikayetlerinizi azaltabilirsiniz.
94,fiziksel-tip-ve-rehabilitasyon,son 3 yıldır sağ omuzumda ağrı var. kolumda elimde uyuşma yok. spor yapıyorum yine geçmiyor boyun fıtığı olmuş olabilir miyim? teşekkür ederim.,"Olabilir. Veya, omuza ait olabilecek, ilk sırada akla gelebilen 4-5 rahatsızlıktan biri olabilir.","İşte cevap:

Son üç yıl sağ omuzunda ağrı varken, kollarında elimde uyuşmamış olabileceğinizi düşünüyorum. Bu durum, bazı hastalıklarla ilgili olabilir. Spor yapmayı bırakmak, boyun fıtığına yol açabilir.

Bu durum, sağlık sorularına dair daha fazla bilgi almanız gerekebilir. Sağ omurunuzun ağrısı ne neden olduğu, ya da spora bağlı olarak bu durumu değiştirebileceğini kontrol etmek için profesyonel bir tedavi planı oluşturmanızı öneririm.

Özür dilerim, ancak bu konuda en iyi yardımcı olabilmem için daha fazla bilgiye ihtiyacım var. Eğer başka bir konuda",Bir fizik tedavi uzmanına muayene olmanızı öneririm.
95,genel-cerrahi,Merhaba Dr bey teyzem geçtiğmiz perşembe safra kesesi taşı için ameliyat oldu ameliyat başarılı geçmiş safra kesesi taşlarla birlikte alınmış şu an hala hastanede çünkü şiddetli gaz problemi yaşıyor.. Dr eğer şikayetlerin devam ederse tekrar ameliyat ederim demiş bu gereklimi yani daha 3 gün olmuşken ikinci ameliyat ne için ? birde gaz problemini azaltmak için bizim yapacağımız bişey varmıdır yemesiyle içmesiyle v.s şimdiden teşekkür ederim SAYGILAR,"Ameliyat sonrası gaz olabilir. Ama 3 gün sonra bunları tamamen bitmiş olmasını bekleriz. Eğer şikayeti devam ediyorsa kontrol ve takip edilmesi gereken bir durum var demektir. Bunu da en iyi hekimi bilebilir. Bence hekiminizle irtibatınız kesmeyin, onunla daha detaylı konuşun.","Merhaba, bu sorunun doğru ve güvenli bir cevabı şu:

Dr Bey teyze, senin hastalığın devam etmesi durumunda tekrar ameliyat edeceksin. Bu durumda, senin hastalığın daha iyi çözüleceği için, senin hastaneye dönmüş olmalısın. Gaz probleminizi azaltmak için, senin hastaneye döndüğünüzde, senin hastalığınızın daha iyi çözülmesine yardımcı olabilecek bazı şeyleri yapabilirsiniz.

Bu seçenekler arasında:

1. Gaz problemini kontrol etmek için:
   - Daha fazla gaz alımını engelleyen ilaçları kullanabilirsiniz.
   - Gaz alımını hızlandırmak için özel bir","Merhaba, Safra kesesi taşları ameliyattan sonra da olabilir. Eğer tedaviye rağmen şikayetler devam ediyorsa tekrar ameliyat önerilir. Gaz problemi için ilaç kullanmanızı tavsiye ederim."
96,kulak-burun-bogaz-hastaliklari,Merhaba hocam benim 5 yaşın da oğlum var sürekli hastaneye götürüldum hiç birinin den sonuç almadım kaç kere ilaç kullandım hiç biri iyi gelmedi çocuğum her gün burnum tıkalı diye ağlıyor ve burnun içi kızarıklık var bana bu konuda yardımcı olursanız sevinirim,memnuniyetle yardımcı olurum. dilediğiniz zaman randevu alarak gelebilirsiniz..,"Merhaba! Bu sorunuz çok zor görünüyor. Oğullarınızın sağlık sorunları için uzun süre hastaneye götürülmesi ve ilaç kullanması, özellikle de çocuklara ait durumlar için oldukça tehlikeli olabilir. Ancak, bu durumu çözmek için en iyisi, doktorlardan yardım almanızdır.

1. Doktorlara başvurun: Oğullarınızın sağlık durumunu kontrol etmek için en iyi yol, doktorlara başvurmaktır. Doktorlar, çocuklarınızın sağlık durumlarını izlemesi ve onların ihtiyaçlarına uygun ilaçları veya diğer tedavi yöntemleri önerirler.

2. Sağlık hizmetleri: Eğer çocuklarınızın sağlık durumları çok karmaşıkse, sağlık hizmetleri ile",Bu duruma tedavi edilebilir bir hastalık yoktur.
97,beyin-ve-sinir-cerrahisi,"Sayın Hocam; Şuan 32 yaşındayım. 3,5 yıl önce cinsel ilişkiden sonra şiddetli baş ağrısı ve ardından yaklaşık 1 dk. bilinç kaybı yaşadım. 2 defa çekilen BT ve 2 defa yapılan 4 damar anjiyo (DSA) sonucunda beyin kanaması (non-anevrizmal SAK ) geçirdiğim anlaşıldı.Nedeni teşhis edilemedi (anlık tansiyon yükselmesi?).Hiçbir iz bırakmadı.Benim bir daha beyin kanaması geçirme riskim var mı? En çok nelere dikkat etmeliyim? Saygılarımla...","elbette var,bence anjiyoyu tekrar edin çünkü cinsel aktivite sonrası olan kanam en çok anevrizma rüptürnde olur","İşte cevabınız:

Sayın Hoca,

Bu durumda, senin en önemli sorunu şunlardır:

1. Beyin kanaması riskiniz: Bu durum, senin riskini artırmaktadır. Daha fazla kontrol edilmesi gereken bir durumdur.

2. İzin vermemiş olan hastalığın riskleri: Anlık tansiyon yükseltme, bu durumu iyice artırabilir.

3. Çekilen BT ve DSA sonrası riskler: Bu hastalıklar da risklendirici olabilir.

4. İletişim ve tedavi: Hastalığınızı kontrol etmek için en iyi yöntem, sürekli sağlık sağlığı sağlayıcılar ile iletişim kurmaktır.

5. Sağlık hizmetleri: Hastalığınızı kontrol etmek","Beyindeki kanama, sadece bir hastalığa işaret değildir. Hastalığı belirtecek bir şey yoktur. Ancak, bu durumda, kendi kendine bir hastalık olabilir. Bu nedenle, muayene edilmenizi öneririm."
98,genel-cerrahi,Hocam kolon hastalığı ilerleyince karaciğer sıçramis bu devrede ameliyat ta kesin çözüm oluyo mu bide iyi kötü huyluşu oluyo mu,Elinizdeki filmleri bana goturun ancak ozaman bir oneride bulunabilirim,"İşte doğru ve güvenli bir cevap:

""Karaciğer sıçrama durumunda, doktorlar genellikle ameliyata başvurulacak ve bu durumu kontrol etmek için özel bir ameliyat programı kullanır. Bu programda, hastaların karaciğerlerini kontrol ederek, sıçrama hızını azaltmak veya durdurmak için çeşitli yöntemler uygulanabilir.

Bu durumda, hastaların huzurlu ve sağlıklı bir şekilde yaşayabilmesi için, ameliyat programının tamamlanması ve düzenli olarak kontrol edilmesi önemlidir. Ayrıca, hastaların sağlığında dikkatli olunması ve uygun sağlık kurallarına dayalı yaşam şekli seçmeleri de önemli olabilir.""

Bu cevap","Karaciğerdeki sıçrama ve kireçlenme, kolon hastalığının tedavisi ile tamamen düzelir. Ameliyattan sonra da iyileşmeniz mümkün."
99,uroloji,İyi günler hocam Benim doğustan sol testisim yok bu konu hakkında doktora gittim ve bana belki doğduğunda hiç oluşmamıştır belkide zamanla kaybolmuştur dedi 22 yaşındayım ve diğer sağ testisimde çok küçük ne yapmalıyım gercektende yapılacak birşey yok mu?,Bir üroloji uzmanına muayene olmanızı öneririm. Doç Dr Ali Nejat Eğilmez,"İyi günler, onur! Bu sorunun en iyisi, doğaüstü testislerinizi kontrol etmeniz olabilir. Testislerinizi kontrol etmek için genetik araştırmalar ve fiziksel analizler yapılabilir. Ancak, bu durumda herhangi bir tedavi veya müdahale gerektirmez. Doğaüstü testislerinizi kontrol etmeniz, sağlıklı bir yaşam sürdürülebilirliği açısından önemlidir. Eğer daha fazla bilgi arar gibi düşünüyorsanız, doktorlara başvurmanızı öneririm.",Bir üroloji uzmanına başvurun.
